,Player,ShortName,Height,Weight,Position,BirthPlace,SeasonURL,Season,Age,Tm,Lg,Pos,G,GS,MP,FG,FGA,FG%,3P,3PA,3P%,2P,2PA,2P%,eFG%,FT,FTA,FT%,ORB,DRB,TRB,AST,STL,BLK,TOV,PF,PTS
99,Alex Abrines,abrinal01,6-6,190lb,Shooting Guard,Spain,/players/a/abrinal01/gamelog/2019/,2018-19,25.0,OKC,NBA,SG,11.0,0.0,22.6,2.5,6.6,0.37,1.6,5.0,0.327,0.8,1.6,0.5,0.493,0.5,0.6,0.857,0.2,1.5,1.6,0.8,0.8,0.3,0.5,1.8,7.1
187,Steven Adams,adamsst01,7-0,255lb,Center,New Zealand,/players/a/adamsst01/gamelog/2019/,2018-19,25.0,OKC,NBA,C,10.0,10.0,33.4,5.6,9.7,0.5770000000000001,0.0,0.0,,5.6,9.7,0.5770000000000001,0.5770000000000001,2.8,5.3,0.528,4.7,5.8,10.5,1.6,1.6,1.2,1.5,2.4,14.0
197,Bam Adebayo,adebaba01,6-10,243lb,Center,New Jersey,/players/a/adebaba01/gamelog/2019/,2018-19,21.0,MIA,NBA,C,10.0,1.0,19.6,2.3,4.5,0.511,0.0,0.2,0.0,2.3,4.3,0.535,0.511,2.1,2.9,0.7240000000000001,2.2,4.3,6.5,1.1,0.7,0.6,1.2,2.6,6.7
331,LaMarcus Aldridge,aldrila01,6-11,260lb,Center and Power Forward,Texas,/players/a/aldrila01/gamelog/2019/,2018-19,33.0,SAS,NBA,C,10.0,10.0,35.6,7.3,17.1,0.4270000000000001,0.0,0.5,0.0,7.3,16.6,0.44,0.4270000000000001,4.0,5.2,0.769,3.9,5.9,9.8,3.1,0.4,1.1,1.8,2.0,18.6
378,Jarrett Allen,allenja01,6-10,234lb,Center,Texas,/players/a/allenja01/gamelog/2019/,2018-19,20.0,BRK,NBA,C,11.0,11.0,26.3,4.5,7.5,0.61,0.2,0.8,0.222,4.4,6.6,0.6579999999999999,0.622,2.0,3.3,0.611,2.3,5.5,7.8,1.8,0.5,1.8,1.4,1.9,11.3
514,Al-Farouq Aminu,aminual01,6-9,220lb,Small Forward and Power Forward,Georgia,/players/a/aminual01/gamelog/2019/,2018-19,28.0,POR,NBA,PF,12.0,12.0,28.8,2.8,6.7,0.413,1.1,3.2,0.342,1.7,3.5,0.476,0.494,1.7,1.8,0.909,1.3,7.3,8.7,0.4,0.9,0.4,0.6,2.6,8.3
681,Kyle Anderson,anderky01,6-9,230lb,Small Forward,New York,/players/a/anderky01/gamelog/2019/,2018-19,25.0,MEM,NBA,SF,10.0,7.0,25.7,2.1,5.0,0.42,0.1,0.4,0.25,2.0,4.6,0.435,0.43,1.1,1.9,0.579,1.0,4.5,5.5,2.2,1.4,0.3,1.5,1.7,5.4
733,Ryan Anderson,anderry01,6-10,240lb,Power Forward,California,/players/a/anderry01/gamelog/2019/,2018-19,30.0,PHO,NBA,PF,11.0,8.0,21.6,1.6,5.0,0.327,0.6,2.7,0.233,1.0,2.3,0.44,0.391,1.0,1.3,0.7859999999999999,1.1,2.5,3.5,1.5,0.3,0.0,0.9,1.6,4.9
767,Ike Anigbogu,anigbik01,6-10,252lb,Center,California,/players/a/anigbik01/gamelog/2019/,2018-19,20.0,IND,NBA,C,1.0,0.0,3.0,0.0,2.0,0.0,0.0,0.0,,0.0,2.0,0.0,0.0,0.0,0.0,,0.0,1.0,1.0,0.0,0.0,1.0,1.0,0.0,0.0
784,Giannis Antetokounmpo,antetgi01,6-11,222lb,Small Forward and Shooting Guard and Power Forward and Point Guard,Greece,/players/a/antetgi01/gamelog/2019/,2018-19,24.0,MIL,NBA,PF,10.0,10.0,31.4,9.9,18.5,0.535,0.2,2.3,0.087,9.7,16.2,0.599,0.541,5.6,7.6,0.737,2.7,10.2,12.9,5.7,1.0,1.3,4.7,3.4,25.6
805,Carmelo Anthony,anthoca01,6-8,240lb,Power Forward and Small Forward,New York,/players/a/anthoca01/gamelog/2019/,2018-19,34.0,HOU,NBA,PF,10.0,2.0,29.4,4.9,12.1,0.405,2.1,6.4,0.328,2.8,5.7,0.491,0.4920000000000001,1.5,2.2,0.682,0.9,4.5,5.4,0.5,0.4,0.7,0.8,3.2,13.4
838,OG Anunoby,anunoog01,6-8,232lb,Small Forward,United Kingdom,/players/a/anunoog01/gamelog/2019/,2018-19,21.0,TOR,NBA,SF,9.0,3.0,23.9,3.4,7.4,0.463,1.2,3.7,0.333,2.2,3.8,0.588,0.545,0.0,0.1,0.0,0.8,2.2,3.0,0.6,0.7,0.2,0.6,2.8,8.1
869,Ryan Arcidiacono,arcidry01,6-3,188lb,Point Guard,Pennsylvania,/players/a/arcidry01/gamelog/2019/,2018-19,24.0,CHI,NBA,PG,11.0,0.0,24.5,2.1,4.2,0.5,1.5,2.9,0.5,0.6,1.3,0.5,0.674,0.6,0.8,0.778,0.1,1.5,1.6,4.6,0.9,0.1,0.8,2.1,6.3
914,Trevor Ariza,arizatr01,6-8,215lb,Small Forward and Shooting Guard,Florida,/players/a/arizatr01/gamelog/2019/,2018-19,33.0,PHO,NBA,SF,11.0,11.0,34.0,3.4,8.9,0.378,2.0,5.5,0.361,1.4,3.4,0.405,0.49,1.8,2.0,0.909,0.5,5.4,5.9,3.7,0.7,0.3,1.8,1.6,10.5
1137,D.J. Augustin,augusdj01,6-0,183lb,Point Guard,Louisiana,/players/a/augusdj01/gamelog/2019/,2018-19,31.0,ORL,NBA,PG,11.0,11.0,27.3,3.4,7.9,0.425,1.5,3.7,0.415,1.8,4.2,0.435,0.523,2.1,2.3,0.92,0.9,1.6,2.5,4.9,0.5,0.0,1.0,1.2,10.4
1235,Dwayne Bacon,bacondw01,6-6,222lb,Shooting Guard,Florida,/players/b/bacondw01/gamelog/2019/,2018-19,23.0,CHO,NBA,SG,4.0,0.0,7.0,1.0,2.0,0.5,0.5,1.0,0.5,0.5,1.0,0.5,0.625,1.5,1.5,1.0,0.0,0.8,0.8,0.8,0.3,0.0,0.0,0.5,4.0
1316,Ron Baker,bakerro01,6-4,220lb,Shooting Guard,Kansas,/players/b/bakerro01/gamelog/2019/,2018-19,25.0,NYK,NBA,SG,7.0,0.0,11.6,0.1,1.6,0.091,0.0,1.1,0.0,0.1,0.4,0.333,0.091,0.4,0.6,0.75,0.0,0.6,0.6,1.0,0.4,0.0,0.3,1.9,0.7
1338,Wade Baldwin,baldwwa01,6-4,202lb,Point Guard,New Jersey,/players/b/baldwwa01/gamelog/2019/,2018-19,22.0,POR,NBA,PG,3.0,0.0,5.0,0.0,1.7,0.0,0.0,0.7,0.0,0.0,1.0,0.0,0.0,0.0,0.0,,0.0,1.0,1.0,0.7,0.0,0.0,1.0,0.3,0.0
1352,Lonzo Ball,balllo01,6-6,190lb,Point Guard,California,/players/b/balllo01/gamelog/2019/,2018-19,21.0,LAL,NBA,PG,11.0,9.0,26.1,3.4,7.6,0.44,1.7,4.5,0.388,1.6,3.2,0.514,0.5539999999999999,0.5,1.0,0.545,0.8,4.0,4.8,4.5,1.3,0.0,1.6,1.9,9.0
1449,J.J. Barea,bareajo01,6-0,185lb,Point Guard and Shooting Guard,Puerto Rico,/players/b/bareajo01/gamelog/2019/,2018-19,34.0,DAL,NBA,PG,11.0,0.0,18.0,2.8,8.9,0.316,0.6,2.9,0.219,2.2,6.0,0.364,0.35200000000000004,1.5,2.0,0.727,0.5,1.5,2.0,6.0,0.5,0.0,1.5,1.7,7.7
1503,Harrison Barnes,barneha02,6-8,210lb,Power Forward and Small Forward,Iowa,/players/b/barneha02/gamelog/2019/,2018-19,26.0,DAL,NBA,SF,7.0,7.0,32.4,5.1,14.3,0.36,1.7,5.3,0.324,3.4,9.0,0.381,0.42,3.0,3.9,0.778,0.9,4.6,5.4,1.4,0.9,0.3,2.0,2.6,15.0
1730,Will Barton,bartowi01,6-6,175lb,Shooting Guard,Maryland,/players/b/bartowi01/gamelog/2019/,2018-19,28.0,DEN,NBA,SG,2.0,2.0,27.0,6.0,10.5,0.5710000000000001,2.5,4.5,0.556,3.5,6.0,0.583,0.69,2.0,2.0,1.0,0.0,5.0,5.0,3.0,0.5,1.0,1.5,2.5,16.5
1848,Nicolas Batum,batumni01,6-8,200lb,Shooting Guard and Small Forward,France,/players/b/batumni01/gamelog/2019/,2018-19,30.0,CHO,NBA,SF,11.0,11.0,33.3,4.0,8.6,0.463,1.8,4.5,0.408,2.2,4.2,0.522,0.568,0.6,0.8,0.778,1.1,5.3,6.4,4.1,1.1,0.6,2.3,1.7,10.5
1908,Aron Baynes,baynear01,6-10,260lb,Center,New Zealand,/players/b/baynear01/gamelog/2019/,2018-19,32.0,BOS,NBA,C,8.0,1.0,13.9,2.0,5.1,0.39,0.9,2.5,0.35,1.1,2.6,0.429,0.476,1.3,1.6,0.769,1.8,2.0,3.8,0.9,0.0,0.3,0.4,2.1,6.1
1920,Kent Bazemore,bazemke01,6-5,201lb,Shooting Guard and Small Forward,North Carolina,/players/b/bazemke01/gamelog/2019/,2018-19,29.0,ATL,NBA,SG,11.0,11.0,28.8,5.4,11.7,0.457,1.5,5.2,0.298,3.8,6.5,0.583,0.523,2.4,3.4,0.703,0.9,3.5,4.5,2.2,1.7,0.9,2.5,3.1,14.6
1932,Bradley Beal,bealbr01,6-5,207lb,Shooting Guard,Missouri,/players/b/bealbr01/gamelog/2019/,2018-19,25.0,WAS,NBA,SG,10.0,10.0,34.1,8.2,17.6,0.466,2.8,8.3,0.337,5.4,9.3,0.581,0.545,3.4,4.3,0.7909999999999999,0.3,4.3,4.6,3.7,0.9,1.2,2.4,3.1,22.6
1972,Malik Beasley,beaslma01,6-5,196lb,Shooting Guard,Georgia,/players/b/beaslma01/gamelog/2019/,2018-19,22.0,DEN,NBA,SG,11.0,0.0,17.5,2.5,6.0,0.409,0.8,2.8,0.29,1.6,3.2,0.514,0.477,0.1,0.1,1.0,0.2,1.8,2.0,0.8,0.3,0.1,0.8,1.5,5.8
1984,Michael Beasley,beaslmi01,6-9,235lb,Small Forward and Power Forward,Maryland,/players/b/beaslmi01/gamelog/2019/,2018-19,30.0,LAL,NBA,PF,3.0,0.0,3.3,0.3,1.0,0.333,0.0,0.0,,0.3,1.0,0.333,0.333,0.3,0.7,0.5,0.3,0.7,1.0,0.0,0.0,0.0,0.7,1.0,1.0
2094,Marco Belinelli,belinma01,6-5,210lb,Small Forward and Shooting Guard,Italy,/players/b/belinma01/gamelog/2019/,2018-19,32.0,SAS,NBA,SG,10.0,0.0,22.7,3.9,10.0,0.39,1.5,4.7,0.319,2.4,5.3,0.453,0.465,2.2,2.5,0.88,0.2,1.9,2.1,1.7,0.9,0.1,1.0,1.6,11.5
2111,Jordan Bell,belljo01,6-9,224lb,Center,California,/players/b/belljo01/gamelog/2019/,2018-19,24.0,GSW,NBA,C,11.0,1.0,12.5,0.8,1.5,0.563,0.0,0.0,,0.8,1.5,0.563,0.563,0.5,0.6,0.7140000000000001,0.5,1.9,2.5,0.8,0.5,1.1,0.4,1.7,2.1
2158,DeAndre' Bembry,bembrde01,6-6,210lb,Small Forward and Shooting Guard,North Carolina,/players/b/bembrde01/gamelog/2019/,2018-19,24.0,ATL,NBA,SG,11.0,1.0,25.9,3.1,7.6,0.405,1.0,2.4,0.423,2.1,5.3,0.397,0.47,0.9,1.8,0.5,0.6,4.6,5.3,2.5,1.5,0.7,1.9,2.3,8.1
2168,Dragan Bender,bendedr01,7-1,225lb,Power Forward,Bosnia and Herzegovina,/players/b/bendedr01/gamelog/2019/,2018-19,21.0,PHO,NBA,PF,4.0,0.0,3.5,0.5,1.0,0.5,0.0,0.3,0.0,0.5,0.8,0.667,0.5,0.0,0.0,,0.5,0.8,1.3,0.0,0.0,0.0,0.5,0.3,1.0
2290,Davis Bertans,bertada01,6-10,210lb,Power Forward,Latvia,/players/b/bertada01/gamelog/2019/,2018-19,26.0,SAS,NBA,PF,10.0,2.0,17.2,2.2,4.6,0.478,1.6,3.4,0.471,0.6,1.2,0.5,0.652,0.7,0.7,1.0,0.6,1.9,2.5,1.2,0.3,0.3,0.4,1.1,6.7
2314,Patrick Beverley,beverpa01,6-1,185lb,Point Guard and Shooting Guard,Illinois,/players/b/beverpa01/gamelog/2019/,2018-19,30.0,LAC,NBA,PG,11.0,11.0,26.4,2.1,6.6,0.315,0.9,3.6,0.25,1.2,3.0,0.394,0.384,0.8,1.2,0.6920000000000001,0.9,3.6,4.5,4.3,0.7,0.4,1.2,4.0,5.9
2429,Khem Birch,birchkh01,6-9,220lb,Center,Canada,/players/b/birchkh01/gamelog/2019/,2018-19,26.0,ORL,NBA,C,3.0,0.0,7.3,1.0,1.7,0.6,0.0,0.0,,1.0,1.7,0.6,0.6,0.0,0.0,,0.0,2.0,2.0,0.0,0.7,0.0,0.0,0.0,2.0
2471,Bismack Biyombo,biyombi01,6-9,255lb,Center,Democratic Republic of the Congo,/players/b/biyombi01/gamelog/2019/,2018-19,26.0,CHO,NBA,C,5.0,0.0,10.4,1.2,2.0,0.6,0.0,0.0,,1.2,2.0,0.6,0.6,0.4,1.0,0.4,0.8,2.0,2.8,0.2,0.0,1.6,0.4,1.8,2.8
2476,Nemanja Bjelica,bjeline01,6-10,240lb,Power Forward,Serbia,/players/b/bjeline01/gamelog/2019/,2018-19,30.0,SAC,NBA,PF,11.0,11.0,25.8,5.0,9.4,0.534,1.9,3.7,0.512,3.1,5.6,0.5479999999999999,0.636,1.2,1.7,0.684,1.0,4.4,5.4,2.8,1.5,0.8,1.3,2.9,13.1
2560,Antonio Blakeney,blakean01,6-4,197lb,Shooting Guard,New York,/players/b/blakean01/gamelog/2019/,2018-19,22.0,CHI,NBA,SG,12.0,0.0,17.5,4.3,9.0,0.481,1.4,3.1,0.459,2.9,5.9,0.493,0.56,1.3,2.1,0.64,0.1,2.2,2.3,0.5,0.3,0.3,0.5,0.8,11.4
2606,Eric Bledsoe,bledser01,6-1,205lb,Point Guard,Alabama,/players/b/bledser01/gamelog/2019/,2018-19,29.0,MIL,NBA,PG,11.0,11.0,27.7,5.2,10.9,0.475,1.5,4.5,0.327,3.7,6.5,0.5770000000000001,0.542,2.1,2.6,0.7929999999999999,1.3,2.9,4.2,6.3,0.7,0.7,2.0,2.5,13.9
2713,Bogdan Bogdanovic,bogdabo01,6-6,205lb,Shooting Guard,Serbia,/players/b/bogdabo01/gamelog/2019/,2018-19,26.0,SAC,NBA,,1.0,0.0,18.0,3.0,7.0,0.429,1.0,3.0,0.333,2.0,4.0,0.5,0.5,0.0,0.0,,0.0,2.0,2.0,1.0,0.0,0.0,0.0,2.0,7.0
2721,Bojan Bogdanovic,bogdabo02,6-8,216lb,Small Forward,Bosnia and Herzegovina,/players/b/bogdabo02/gamelog/2019/,2018-19,29.0,IND,NBA,SF,12.0,12.0,30.0,4.7,9.4,0.496,2.0,4.1,0.49,2.7,5.3,0.5,0.602,2.1,2.8,0.735,0.3,3.4,3.7,0.9,0.7,0.0,1.5,1.5,13.4
2825,Devin Booker,bookede01,6-6,206lb,Shooting Guard,Michigan,/players/b/bookede01/gamelog/2019/,2018-19,22.0,PHO,NBA,SG,8.0,8.0,35.9,9.0,19.9,0.453,2.8,8.4,0.328,6.3,11.5,0.5429999999999999,0.522,5.8,6.9,0.836,0.6,3.5,4.1,6.4,1.0,0.1,4.9,3.5,26.5
2961,Chris Boucher,bouchch01,6-10,182lb,Power Forward,Saint Lucia,/players/b/bouchch01/gamelog/2019/,2018-19,26.0,TOR,NBA,PF,1.0,0.0,2.0,1.0,2.0,0.5,0.0,1.0,0.0,1.0,1.0,1.0,0.5,4.0,6.0,0.667,2.0,0.0,2.0,0.0,0.0,1.0,0.0,0.0,6.0
3121,Avery Bradley,bradlav01,6-2,180lb,Point Guard and Shooting Guard,Washington,/players/b/bradlav01/gamelog/2019/,2018-19,28.0,LAC,NBA,SG,9.0,9.0,27.4,3.1,8.9,0.35,0.8,3.0,0.259,2.3,5.9,0.396,0.394,0.1,0.1,1.0,0.8,1.1,1.9,1.6,0.7,0.3,1.6,2.8,7.1
3488,Malcolm Brogdon,brogdma01,6-5,215lb,Shooting Guard and Point Guard,Georgia,/players/b/brogdma01/gamelog/2019/,2018-19,26.0,MIL,NBA,SG,11.0,11.0,29.4,5.1,10.1,0.505,1.5,3.4,0.4320000000000001,3.6,6.7,0.541,0.5770000000000001,1.5,1.5,1.0,0.7,3.0,3.7,3.4,0.5,0.2,1.5,2.0,13.1
3520,Dillon Brooks,brookdi01,6-6,220lb,Small Forward,Canada,/players/b/brookdi01/gamelog/2019/,2018-19,23.0,MEM,NBA,SF,10.0,0.0,20.0,2.6,6.2,0.419,0.7,1.9,0.368,1.9,4.3,0.442,0.476,1.4,1.8,0.778,0.5,1.4,1.9,1.0,0.8,0.4,0.8,2.8,7.3
3533,MarShon Brooks,brookma01,6-5,200lb,Shooting Guard,New Jersey,/players/b/brookma01/gamelog/2019/,2018-19,30.0,MEM,NBA,SG,9.0,0.0,13.0,2.7,5.6,0.48,0.7,2.1,0.316,2.0,3.4,0.581,0.54,1.1,1.4,0.769,0.6,1.0,1.6,0.8,0.4,0.0,0.7,1.1,7.1
3671,Jaylen Brown,brownja02,6-7,225lb,Shooting Guard and Small Forward,Georgia,/players/b/brownja02/gamelog/2019/,2018-19,22.0,BOS,NBA,SG,10.0,10.0,30.2,4.5,11.6,0.388,1.2,4.0,0.3,3.3,7.6,0.434,0.44,1.8,2.9,0.621,1.4,3.2,4.6,1.4,0.5,0.5,1.3,2.6,12.0
3721,Lorenzo Brown,brownlo01,6-5,189lb,Point Guard,Georgia,/players/b/brownlo01/gamelog/2019/,2018-19,28.0,TOR,NBA,PG,8.0,0.0,8.5,1.0,2.9,0.348,0.3,1.3,0.2,0.8,1.6,0.462,0.391,0.0,0.0,,0.1,1.0,1.1,1.0,0.4,0.3,0.6,1.0,2.3
3827,Sterling Brown,brownst02,6-5,225lb,Shooting Guard,Illinois,/players/b/brownst02/gamelog/2019/,2018-19,23.0,MIL,NBA,SG,7.0,0.0,5.9,0.7,1.9,0.385,0.0,0.7,0.0,0.7,1.1,0.625,0.385,0.7,0.9,0.833,0.4,1.0,1.4,0.3,0.0,0.1,0.6,0.7,2.1
3935,Thomas Bryant,bryanth01,6-10,248lb,Center,New York,/players/b/bryanth01/gamelog/2019/,2018-19,21.0,WAS,NBA,C,4.0,0.0,5.8,1.0,3.0,0.333,0.0,1.0,0.0,1.0,2.0,0.5,0.333,1.3,1.3,1.0,1.0,0.8,1.8,0.3,0.0,0.0,0.5,0.3,3.3
4041,Reggie Bullock,bullore01,6-7,205lb,Small Forward and Shooting Guard,Maryland,/players/b/bullore01/gamelog/2019/,2018-19,27.0,DET,NBA,SG,7.0,7.0,27.0,2.9,9.6,0.299,1.0,4.3,0.233,1.9,5.3,0.35100000000000003,0.35100000000000003,2.0,2.3,0.875,0.3,2.1,2.4,1.9,0.3,0.3,1.0,1.4,8.7
4076,Trey Burke,burketr01,6-1,191lb,Point Guard,Ohio,/players/b/burketr01/gamelog/2019/,2018-19,26.0,NYK,NBA,PG,11.0,5.0,20.1,3.9,9.6,0.406,0.9,2.6,0.345,3.0,7.0,0.429,0.453,0.8,1.2,0.6920000000000001,0.8,1.3,2.1,3.4,0.5,0.0,1.2,1.0,9.5
4087,Alec Burks,burksal01,6-6,214lb,Shooting Guard,Missouri,/players/b/burksal01/gamelog/2019/,2018-19,27.0,UTA,NBA,SG,7.0,0.0,13.9,3.0,6.0,0.5,1.4,2.3,0.625,1.6,3.7,0.423,0.619,2.6,2.7,0.947,0.0,1.0,1.0,1.1,0.3,0.4,0.4,1.0,10.0
4217,Jimmy Butler,butleji01,6-8,236lb,Small Forward and Shooting Guard,Texas,/players/b/butleji01/gamelog/2019/,2018-19,29.0,MIN,NBA,SG,9.0,9.0,35.6,7.9,16.1,0.49,1.9,4.8,0.395,6.0,11.3,0.529,0.5479999999999999,4.6,5.7,0.804,1.6,3.3,4.9,3.9,2.4,1.1,1.2,1.9,22.2
4373,Jose Calderon,caldejo01,6-3,200lb,Point Guard and Shooting Guard,Spain,/players/c/caldejo01/gamelog/2019/,2018-19,37.0,DET,NBA,PG,7.0,0.0,11.1,0.7,2.4,0.294,0.4,1.6,0.273,0.3,0.9,0.333,0.382,0.3,0.3,1.0,0.4,0.6,1.0,0.9,0.7,0.1,0.4,1.3,2.1
4410,Kentavious Caldwell-Pope,caldwke01,6-5,205lb,Shooting Guard,Georgia,/players/c/caldwke01/gamelog/2019/,2018-19,25.0,LAL,NBA,SG,11.0,3.0,18.9,1.9,5.0,0.382,0.5,2.4,0.231,1.4,2.6,0.517,0.436,1.2,1.3,0.929,0.1,1.6,1.7,0.3,0.5,0.1,0.6,0.6,5.5
4527,Isaiah Canaan,canaais01,6-0,201lb,Shooting Guard and Point Guard,Mississippi,/players/c/canaais01/gamelog/2019/,2018-19,27.0,PHO,NBA,PG,10.0,10.0,29.4,3.5,8.3,0.422,1.4,4.3,0.326,2.1,4.0,0.525,0.506,1.3,1.6,0.813,0.3,2.9,3.2,3.3,0.7,0.0,1.9,2.9,9.7
4542,Clint Capela,capelca01,6-10,240lb,Center,Switzerland,/players/c/capelca01/gamelog/2019/,2018-19,24.0,HOU,NBA,C,10.0,10.0,33.7,6.9,11.3,0.611,0.0,0.0,,6.9,11.3,0.611,0.611,1.9,3.6,0.528,4.1,6.8,10.9,2.0,0.5,1.7,2.1,2.7,15.7
4824,Vince Carter,cartevi01,6-6,220lb,Shooting Guard and Small Forward,Florida,/players/c/cartevi01/gamelog/2019/,2018-19,42.0,ATL,NBA,SF,11.0,8.0,19.8,2.5,5.9,0.431,1.5,3.8,0.405,1.0,2.1,0.478,0.562,0.8,1.0,0.818,0.3,1.9,2.2,1.0,0.8,0.5,0.8,1.7,7.5
4833,Michael Carter-Williams,cartemi01,6-6,190lb,Point Guard,Massachusetts,/players/c/cartemi01/gamelog/2019/,2018-19,27.0,HOU,NBA,PG,7.0,1.0,13.9,1.9,5.1,0.361,0.3,1.4,0.2,1.6,3.7,0.423,0.389,1.0,2.3,0.438,0.3,1.1,1.4,2.0,1.0,0.6,1.1,2.4,5.0
4894,Omri Casspi,casspom01,6-9,225lb,Small Forward and Power Forward,Israel,/players/c/casspom01/gamelog/2019/,2018-19,30.0,MEM,NBA,SF,7.0,0.0,12.0,2.0,3.6,0.56,0.4,1.1,0.375,1.6,2.4,0.647,0.62,1.1,2.1,0.5329999999999999,0.4,2.0,2.4,1.4,0.6,0.0,0.3,0.7,5.6
4940,Willie Cauley-Stein,caulewi01,7-0,240lb,Center,Kansas,/players/c/caulewi01/gamelog/2019/,2018-19,25.0,SAC,NBA,C,11.0,11.0,29.0,7.1,12.2,0.5820000000000001,0.0,0.0,,7.1,12.2,0.5820000000000001,0.5820000000000001,2.3,4.3,0.532,2.3,5.9,8.2,2.4,1.2,0.5,1.3,2.8,16.5
5063,Tyson Chandler,chandty01,7-1,240lb,Power Forward and Center,California,/players/c/chandty01/gamelog/2019/,2018-19,36.0,TOT,NBA,C,8.0,0.0,14.0,1.1,2.0,0.563,0.0,0.0,,1.1,2.0,0.563,0.563,1.3,2.3,0.556,1.4,4.5,5.9,0.8,0.3,0.1,1.0,3.0,3.5
5064,Tyson Chandler,chandty01,7-1,240lb,Power Forward and Center,California,/players/c/chandty01/gamelog/2019/,2018-19,36.0,PHO,NBA,C,7.0,0.0,12.7,1.1,1.7,0.667,0.0,0.0,,1.1,1.7,0.667,0.667,1.4,2.6,0.556,1.0,4.6,5.6,0.9,0.3,0.1,1.0,3.0,3.7
5065,Tyson Chandler,chandty01,7-1,240lb,Power Forward and Center,California,/players/c/chandty01/gamelog/2019/,2018-19,36.0,LAL,NBA,,1.0,0.0,23.0,1.0,4.0,0.25,0.0,0.0,,1.0,4.0,0.25,0.25,0.0,0.0,,4.0,4.0,8.0,0.0,0.0,0.0,1.0,3.0,2.0
5079,Wilson Chandler,chandwi01,6-8,225lb,Small Forward and Power Forward and Shooting Guard,Michigan,/players/c/chandwi01/gamelog/2019/,2018-19,31.0,PHI,NBA,SF,2.0,0.0,12.5,0.5,1.5,0.333,0.0,1.0,0.0,0.5,0.5,1.0,0.333,0.0,0.0,,1.0,3.5,4.5,0.5,0.5,0.0,0.5,2.5,1.0
5259,Marquese Chriss,chrisma01,6-10,233lb,Power Forward,California,/players/c/chrisma01/gamelog/2019/,2018-19,21.0,HOU,NBA,PF,3.0,0.0,5.7,1.0,3.3,0.3,0.0,1.3,0.0,1.0,2.0,0.5,0.3,0.0,0.0,,0.3,1.0,1.3,0.3,0.0,0.3,0.3,0.3,2.0
5354,Ian Clark,clarkia01,6-3,175lb,Shooting Guard,Tennessee,/players/c/clarkia01/gamelog/2019/,2018-19,27.0,NOP,NBA,SG,10.0,0.0,16.3,2.0,4.6,0.435,0.9,2.1,0.429,1.1,2.5,0.44,0.5329999999999999,0.5,0.6,0.833,0.1,1.1,1.2,1.1,0.3,0.1,0.8,2.2,5.4
5376,Jordan Clarkson,clarkjo01,6-5,194lb,Shooting Guard and Point Guard,Florida,/players/c/clarkjo01/gamelog/2019/,2018-19,26.0,CLE,NBA,SG,11.0,0.0,23.6,6.3,13.3,0.473,1.3,4.4,0.292,5.0,8.9,0.561,0.521,1.4,1.5,0.882,1.0,1.9,2.9,1.5,0.8,0.3,1.3,1.8,15.2
5614,Zach Collins,colliza01,7-0,232lb,Center,Nevada,/players/c/colliza01/gamelog/2019/,2018-19,21.0,POR,NBA,C,12.0,0.0,21.5,3.7,6.4,0.5710000000000001,0.8,2.1,0.4,2.8,4.3,0.654,0.636,2.4,2.8,0.853,1.2,3.1,4.3,1.0,0.3,1.3,1.6,3.2,10.6
5627,Darren Collison,collida01,6-0,175lb,Point Guard,California,/players/c/collida01/gamelog/2019/,2018-19,31.0,IND,NBA,PG,12.0,12.0,26.2,3.5,7.7,0.457,0.5,1.8,0.28600000000000003,3.0,5.9,0.507,0.489,1.2,1.6,0.737,0.3,1.7,2.0,4.1,1.4,0.0,1.4,1.8,8.7
5714,Mike Conley,conlemi01,6-1,175lb,Point Guard,Arkansas,/players/c/conlemi01/gamelog/2019/,2018-19,31.0,MEM,NBA,PG,10.0,10.0,31.5,5.3,14.8,0.358,1.6,5.7,0.281,3.7,9.1,0.407,0.412,4.5,5.4,0.833,0.7,2.5,3.2,6.0,1.2,0.2,1.7,2.2,16.7
5741,Pat Connaughton,connapa01,6-5,206lb,Shooting Guard,Massachusetts,/players/c/connapa01/gamelog/2019/,2018-19,26.0,MIL,NBA,SG,8.0,0.0,13.9,2.8,5.8,0.478,1.1,2.8,0.409,1.6,3.0,0.542,0.5760000000000001,0.5,0.9,0.5710000000000001,1.1,3.3,4.4,0.8,0.1,0.4,0.5,1.1,7.1
5841,Quinn Cook,cookqu01,6-2,184lb,Point Guard,District of Columbia,/players/c/cookqu01/gamelog/2019/,2018-19,25.0,GSW,NBA,PG,9.0,0.0,12.2,2.4,5.0,0.489,1.2,2.4,0.5,1.2,2.6,0.478,0.611,0.8,0.9,0.875,0.2,1.4,1.7,1.2,0.2,0.0,1.1,0.8,6.9
6055,Robert Covington,covinro01,6-9,215lb,Small Forward,Illinois,/players/c/covinro01/gamelog/2019/,2018-19,28.0,PHI,NBA,SF,12.0,12.0,34.2,4.0,9.1,0.44,2.4,5.8,0.414,1.6,3.3,0.487,0.573,1.3,1.8,0.7140000000000001,0.5,4.8,5.3,1.1,2.0,1.6,1.8,3.3,11.7
6081,Allen Crabbe,crabbal01,6-6,210lb,Shooting Guard,California,/players/c/crabbal01/gamelog/2019/,2018-19,26.0,BRK,NBA,SG,10.0,0.0,22.8,2.1,8.2,0.256,1.4,5.1,0.275,0.7,3.1,0.226,0.341,1.2,1.6,0.75,0.5,3.5,4.0,1.3,0.3,0.5,1.2,2.6,6.8
6084,Torrey Craig,craigto01,6-6,215lb,Small Forward,South Carolina,/players/c/craigto01/gamelog/2019/,2018-19,28.0,DEN,NBA,SF,10.0,9.0,18.5,1.7,4.2,0.405,0.3,2.1,0.14300000000000002,1.4,2.1,0.667,0.44,0.4,0.6,0.667,1.5,1.9,3.4,0.5,0.6,0.4,0.7,2.1,4.1
6124,Jamal Crawford,crawfja01,6-5,200lb,Shooting Guard and Point Guard,Washington,/players/c/crawfja01/gamelog/2019/,2018-19,38.0,PHO,NBA,SG,9.0,0.0,8.9,0.9,2.9,0.308,0.6,1.7,0.333,0.3,1.2,0.273,0.404,1.0,1.1,0.9,0.0,0.4,0.4,1.0,0.2,0.0,0.4,0.6,3.3
6257,Jae Crowder,crowdja01,6-6,235lb,Small Forward,Georgia,/players/c/crowdja01/gamelog/2019/,2018-19,28.0,UTA,NBA,SF,11.0,1.0,30.2,4.6,10.4,0.447,2.1,6.2,0.338,2.5,4.2,0.609,0.5479999999999999,2.8,4.0,0.705,1.0,4.5,5.5,1.5,0.7,0.4,0.6,2.8,14.2
6325,Dante Cunningham,cunnida01,6-8,230lb,Power Forward and Small Forward,Maryland,/players/c/cunnida01/gamelog/2019/,2018-19,31.0,SAS,NBA,PF,10.0,7.0,21.8,1.3,3.4,0.382,0.5,1.4,0.35700000000000004,0.8,2.0,0.4,0.456,0.6,0.6,1.0,1.1,3.1,4.2,1.3,0.6,0.6,0.4,1.9,3.7
6434,Seth Curry,curryse01,6-2,185lb,Point Guard and Shooting Guard,North Carolina,/players/c/curryse01/gamelog/2019/,2018-19,28.0,POR,NBA,SG,12.0,0.0,17.6,1.8,4.7,0.375,1.1,2.3,0.464,0.7,2.3,0.28600000000000003,0.491,0.3,0.3,1.0,0.2,1.3,1.5,0.8,0.2,0.1,0.5,1.5,4.8
6445,Stephen Curry,curryst01,6-3,190lb,Point Guard,Ohio,/players/c/curryst01/gamelog/2019/,2018-19,30.0,GSW,NBA,PG,12.0,12.0,33.3,10.2,19.8,0.515,5.2,10.5,0.4920000000000001,5.0,9.3,0.541,0.6459999999999999,4.0,4.3,0.923,0.5,4.5,5.0,6.1,1.0,0.3,3.0,2.3,29.5
6592,Troy Daniels,danietr01,6-4,205lb,Shooting Guard,Virginia,/players/d/danietr01/gamelog/2019/,2018-19,27.0,PHO,NBA,SG,4.0,0.0,9.3,1.3,3.8,0.333,0.8,2.8,0.273,0.5,1.0,0.5,0.433,0.3,0.3,1.0,0.3,0.8,1.0,1.0,1.0,0.0,0.8,1.5,3.5
6688,Anthony Davis,davisan02,6-10,253lb,Center and Power Forward,Illinois,/players/d/davisan02/gamelog/2019/,2018-19,25.0,NOP,NBA,C,8.0,8.0,37.5,8.6,18.3,0.473,0.9,2.3,0.389,7.8,16.0,0.484,0.4970000000000001,6.3,8.8,0.7140000000000001,3.0,9.0,12.0,4.6,1.6,3.3,2.5,2.9,24.4
6816,Ed Davis,davised01,6-10,240lb,Power Forward and Center,District of Columbia,/players/d/davised01/gamelog/2019/,2018-19,29.0,BRK,NBA,C,11.0,0.0,17.5,2.6,4.3,0.617,0.0,0.0,,2.6,4.3,0.617,0.617,1.0,1.9,0.524,3.0,5.1,8.1,0.8,0.5,0.4,0.8,2.8,6.3
7133,Dewayne Dedmon,dedmode01,7-0,245lb,Center,California,/players/d/dedmode01/gamelog/2019/,2018-19,29.0,ATL,NBA,C,8.0,0.0,18.8,3.3,6.5,0.5,0.5,1.5,0.333,2.8,5.0,0.55,0.5379999999999999,0.8,1.0,0.75,1.0,4.9,5.9,0.5,0.3,1.8,0.6,3.3,7.8
7160,Sam Dekker,dekkesa01,6-9,230lb,Power Forward,Wisconsin,/players/d/dekkesa01/gamelog/2019/,2018-19,24.0,CLE,NBA,PF,9.0,5.0,18.8,2.4,5.3,0.458,0.6,1.4,0.385,1.9,3.9,0.486,0.51,0.9,1.1,0.8,1.0,2.7,3.7,1.0,1.2,0.0,0.6,1.4,6.3
7220,Matthew Dellavedova,dellama01,6-4,198lb,Shooting Guard and Point Guard,Australia,/players/d/dellama01/gamelog/2019/,2018-19,28.0,MIL,NBA,PG,6.0,0.0,6.5,0.5,1.7,0.3,0.5,1.2,0.429,0.0,0.5,0.0,0.45,0.3,0.3,1.0,0.0,1.0,1.0,2.0,0.2,0.0,0.8,0.5,1.8
7258,Luol Deng,denglu01,6-9,220lb,Small Forward and Power Forward,South Sudan,/players/d/denglu01/gamelog/2019/,2018-19,33.0,MIN,NBA,SF,2.0,0.0,9.5,1.0,4.5,0.222,0.0,2.0,0.0,1.0,2.5,0.4,0.222,0.5,1.0,0.5,2.5,2.5,5.0,0.0,0.0,0.5,0.5,0.0,2.5
7298,DeMar DeRozan,derozde01,6-7,221lb,Shooting Guard,California,/players/d/derozde01/gamelog/2019/,2018-19,29.0,SAS,NBA,SG,10.0,10.0,36.9,10.2,20.1,0.507,0.5,2.0,0.25,9.7,18.1,0.536,0.52,5.5,6.1,0.902,0.8,5.6,6.4,6.8,1.3,0.3,2.4,2.9,26.4
7317,Cheick Diallo,diallch01,6-9,220lb,Power Forward,Mali,/players/d/diallch01/gamelog/2019/,2018-19,22.0,NOP,NBA,PF,8.0,0.0,8.5,1.5,2.6,0.5710000000000001,0.0,0.0,,1.5,2.6,0.5710000000000001,0.5710000000000001,1.4,1.8,0.7859999999999999,0.9,2.6,3.5,0.5,0.4,0.5,0.5,1.0,4.4
7396,Gorgui Dieng,dienggo01,6-11,241lb,Center and Power Forward,Senegal,/players/d/dienggo01/gamelog/2019/,2018-19,29.0,MIN,NBA,C,12.0,0.0,14.1,2.3,4.9,0.475,0.2,1.0,0.16699999999999998,2.2,3.9,0.5529999999999999,0.4920000000000001,1.8,2.0,0.875,1.3,3.6,4.9,0.8,0.5,0.4,0.8,2.0,6.6
7463,Spencer Dinwiddie,dinwisp01,6-6,200lb,Point Guard,California,/players/d/dinwisp01/gamelog/2019/,2018-19,25.0,BRK,NBA,PG,11.0,0.0,27.3,5.2,10.7,0.483,2.3,5.3,0.431,2.9,5.5,0.5329999999999999,0.589,1.5,1.9,0.762,0.4,2.0,2.4,3.9,0.5,0.5,2.0,3.1,14.1
7617,Tyler Dorsey,dorsety01,6-5,183lb,Shooting Guard,California,/players/d/dorsety01/gamelog/2019/,2018-19,22.0,ATL,NBA,SG,6.0,0.0,9.8,1.7,4.0,0.417,0.3,1.2,0.28600000000000003,1.3,2.8,0.471,0.458,0.3,0.7,0.5,0.0,1.0,1.0,0.7,0.2,0.0,0.0,1.0,4.0
7620,Damyean Dotson,dotsoda01,6-6,205lb,Shooting Guard,Texas,/players/d/dotsoda01/gamelog/2019/,2018-19,24.0,NYK,NBA,SG,10.0,7.0,30.4,4.9,10.7,0.458,1.8,5.1,0.353,3.1,5.6,0.5539999999999999,0.542,0.6,0.9,0.667,0.9,4.8,5.7,1.2,0.8,0.1,0.7,2.0,12.2
7715,Goran Dragic,dragigo01,6-3,190lb,Shooting Guard and Point Guard,Slovenia,/players/d/dragigo01/gamelog/2019/,2018-19,32.0,MIA,NBA,PG,8.0,8.0,32.0,6.3,15.1,0.413,2.3,6.4,0.353,4.0,8.8,0.457,0.488,3.4,4.1,0.818,0.9,3.0,3.9,5.1,0.4,0.4,2.4,2.4,18.1
7810,Andre Drummond,drumman01,6-11,279lb,Center,New York,/players/d/drumman01/gamelog/2019/,2018-19,25.0,DET,NBA,C,10.0,10.0,32.6,8.0,15.7,0.51,0.2,1.0,0.2,7.8,14.7,0.531,0.516,2.7,4.8,0.563,6.0,10.6,16.6,1.4,1.0,1.3,2.9,3.7,18.9
7867,Jared Dudley,dudleja01,6-7,225lb,Power Forward and Small Forward and Shooting Guard,California,/players/d/dudleja01/gamelog/2019/,2018-19,33.0,BRK,NBA,PF,11.0,11.0,24.8,1.9,5.1,0.375,1.1,3.6,0.3,0.8,1.5,0.563,0.482,0.6,0.7,0.875,0.8,2.2,3.0,2.3,0.8,0.2,0.8,2.9,5.5
7996,Kris Dunn,dunnkr01,6-4,205lb,Point Guard,Connecticut,/players/d/dunnkr01/gamelog/2019/,2018-19,24.0,CHI,NBA,PG,1.0,1.0,30.0,4.0,13.0,0.308,1.0,4.0,0.25,3.0,9.0,0.333,0.34600000000000003,0.0,0.0,,0.0,4.0,4.0,7.0,0.0,0.0,4.0,6.0,9.0
8035,Kevin Durant,duranke01,6-9,240lb,Small Forward and Power Forward and Shooting Guard,District of Columbia,/players/d/duranke01/gamelog/2019/,2018-19,30.0,GSW,NBA,PF,12.0,12.0,34.7,9.9,17.9,0.5529999999999999,1.5,3.8,0.391,8.4,14.1,0.598,0.595,5.5,6.0,0.917,0.2,7.2,7.3,6.2,0.8,0.7,2.8,1.4,26.8
8336,Henry Ellenson,ellenhe01,6-11,245lb,Power Forward,Wisconsin,/players/e/ellenhe01/gamelog/2019/,2018-19,22.0,DET,NBA,PF,1.0,0.0,8.0,2.0,5.0,0.4,1.0,2.0,0.5,1.0,3.0,0.333,0.5,2.0,2.0,1.0,0.0,3.0,3.0,0.0,0.0,0.0,0.0,1.0,7.0
8349,Wayne Ellington,ellinwa01,6-4,200lb,Shooting Guard,Pennsylvania,/players/e/ellinwa01/gamelog/2019/,2018-19,31.0,MIA,NBA,SG,3.0,1.0,16.3,3.0,6.3,0.474,2.3,5.0,0.467,0.7,1.3,0.5,0.6579999999999999,0.0,0.0,,0.0,2.0,2.0,0.7,0.7,0.0,0.7,0.7,8.3
8512,Joel Embiid,embiijo01,7-0,250lb,Center,Cameroon,/players/e/embiijo01/gamelog/2019/,2018-19,24.0,PHI,NBA,C,12.0,12.0,34.3,9.3,19.3,0.485,1.3,4.3,0.294,8.1,15.0,0.539,0.517,7.8,9.6,0.809,2.2,10.3,12.4,3.4,0.3,2.3,2.9,3.6,27.7
8591,James Ennis,ennisja01,6-7,210lb,Small Forward,California,/players/e/ennisja01/gamelog/2019/,2018-19,28.0,HOU,NBA,SF,7.0,7.0,22.6,2.9,6.3,0.455,1.9,3.9,0.481,1.0,2.4,0.412,0.602,0.4,0.7,0.6,1.4,0.9,2.3,0.7,0.9,0.3,0.7,3.6,8.0
8731,Tyreke Evans,evansty01,6-6,220lb,Shooting Guard and Point Guard and Small Forward,Pennsylvania,/players/e/evansty01/gamelog/2019/,2018-19,29.0,IND,NBA,SG,11.0,0.0,19.8,4.1,9.8,0.417,1.4,3.3,0.417,2.7,6.5,0.417,0.486,1.4,2.2,0.625,0.3,2.1,2.4,2.6,0.9,0.5,1.5,1.6,10.9
8759,Dante Exum,exumda01,6-6,190lb,Point Guard,Australia,/players/e/exumda01/gamelog/2019/,2018-19,23.0,UTA,NBA,PG,11.0,0.0,17.8,2.7,6.5,0.423,0.6,2.1,0.304,2.1,4.4,0.479,0.472,2.5,3.3,0.778,0.5,1.4,1.8,2.3,0.2,0.3,0.9,2.0,8.6
8801,Kenneth Faried,farieke01,6-8,228lb,Power Forward,New Jersey,/players/f/farieke01/gamelog/2019/,2018-19,29.0,BRK,NBA,PF,4.0,0.0,4.5,1.3,1.5,0.833,0.0,0.0,,1.3,1.5,0.833,0.833,0.0,0.0,,0.8,1.3,2.0,0.0,0.3,0.0,0.5,0.0,2.5
8856,Derrick Favors,favorde01,6-10,265lb,Center and Power Forward,Georgia,/players/f/favorde01/gamelog/2019/,2018-19,27.0,UTA,NBA,C,10.0,10.0,22.4,4.4,8.4,0.524,0.3,1.3,0.231,4.1,7.1,0.5770000000000001,0.542,2.0,3.1,0.645,3.5,3.7,7.2,0.5,0.8,1.5,1.3,2.8,11.1
8900,Cristiano Felicio,feliccr01,6-10,275lb,Center,Brazil,/players/f/feliccr01/gamelog/2019/,2018-19,26.0,CHI,NBA,C,9.0,0.0,18.7,2.0,3.3,0.6,0.0,0.0,,2.0,3.3,0.6,0.6,1.0,1.4,0.6920000000000001,1.3,4.2,5.6,0.9,0.2,0.2,0.9,1.7,5.0
8933,Raymond Felton,feltora01,6-1,205lb,Point Guard and Shooting Guard,South Carolina,/players/f/feltora01/gamelog/2019/,2018-19,34.0,OKC,NBA,PG,5.0,0.0,12.4,2.8,7.0,0.4,0.0,2.4,0.0,2.8,4.6,0.609,0.4,1.2,1.4,0.857,0.2,1.4,1.6,1.4,0.8,0.4,0.8,0.8,6.8
8943,Terrance Ferguson,fergute01,6-7,184lb,Shooting Guard,Oklahoma,/players/f/fergute01/gamelog/2019/,2018-19,20.0,OKC,NBA,SG,11.0,11.0,21.0,1.6,4.1,0.4,0.8,2.8,0.29,0.8,1.3,0.643,0.5,0.3,0.4,0.75,0.5,1.0,1.5,0.6,0.6,0.2,1.1,2.9,4.4
8984,Yogi Ferrell,ferreyo01,6-0,180lb,Shooting Guard and Point Guard,Indiana,/players/f/ferreyo01/gamelog/2019/,2018-19,25.0,SAC,NBA,SG,9.0,2.0,15.9,2.0,5.1,0.391,0.6,2.1,0.263,1.4,3.0,0.481,0.446,1.1,1.1,1.0,0.2,1.3,1.6,0.9,0.6,0.1,0.4,0.8,5.7
9080,Dorian Finney-Smith,finnedo01,6-8,220lb,Power Forward and Small Forward,Virginia,/players/f/finnedo01/gamelog/2019/,2018-19,25.0,DAL,NBA,SF,11.0,4.0,25.1,3.1,6.1,0.507,1.5,3.5,0.421,1.6,2.6,0.621,0.627,0.7,0.9,0.8,1.9,2.0,3.9,0.7,0.8,0.6,1.1,3.1,8.4
9209,Bryn Forbes,forbebr01,6-3,190lb,Shooting Guard and Point Guard,Michigan,/players/f/forbebr01/gamelog/2019/,2018-19,25.0,SAS,NBA,PG,10.0,10.0,28.9,4.7,10.8,0.435,1.9,5.0,0.38,2.8,5.8,0.483,0.523,1.3,1.5,0.867,0.2,1.3,1.5,2.5,1.2,0.0,1.2,2.8,12.6
9353,Evan Fournier,fournev01,6-7,205lb,Small Forward and Shooting Guard,France,/players/f/fournev01/gamelog/2019/,2018-19,26.0,ORL,NBA,SG,11.0,11.0,29.5,6.5,15.3,0.423,1.9,6.5,0.292,4.5,8.7,0.521,0.485,1.8,2.4,0.769,0.3,2.4,2.6,4.3,1.4,0.2,1.8,2.4,16.6
9380,De'Aaron Fox,foxde01,6-3,170lb,Point Guard,Louisiana,/players/f/foxde01/gamelog/2019/,2018-19,21.0,SAC,NBA,PG,11.0,11.0,32.3,6.7,13.5,0.5,1.1,2.9,0.375,5.6,10.5,0.534,0.541,4.2,6.3,0.667,0.7,3.6,4.4,7.3,1.2,0.4,3.4,2.8,18.7
9495,Tim Frazier,fraziti01,6-1,170lb,Point Guard,Texas,/players/f/fraziti01/gamelog/2019/,2018-19,28.0,NOP,NBA,PG,8.0,2.0,14.0,1.1,3.4,0.333,0.5,1.6,0.308,0.6,1.8,0.35700000000000004,0.407,0.1,0.4,0.333,0.5,1.0,1.5,2.4,0.3,0.1,0.9,2.1,2.9
9597,Channing Frye,fryech01,6-11,255lb,Center and Power Forward,New York,/players/f/fryech01/gamelog/2019/,2018-19,35.0,CLE,NBA,C,1.0,1.0,21.0,2.0,4.0,0.5,1.0,2.0,0.5,1.0,2.0,0.5,0.625,0.0,0.0,,0.0,4.0,4.0,1.0,0.0,0.0,0.0,4.0,5.0
9631,Markelle Fultz,fultzma01,6-4,195lb,Shooting Guard,Maryland,/players/f/fultzma01/gamelog/2019/,2018-19,20.0,PHI,NBA,SG,12.0,12.0,24.3,3.8,9.5,0.395,0.3,1.1,0.308,3.4,8.4,0.406,0.412,1.3,1.9,0.652,1.4,2.6,4.0,3.6,1.3,0.2,1.3,2.8,9.1
9738,Danilo Gallinari,gallida01,6-10,225lb,Shooting Guard and Small Forward and Power Forward,Italy,/players/g/gallida01/gamelog/2019/,2018-19,30.0,LAC,NBA,SF,11.0,11.0,29.3,6.2,13.7,0.45,2.5,5.1,0.482,3.7,8.6,0.4320000000000001,0.54,5.2,5.3,0.983,1.1,4.5,5.6,1.5,0.5,0.4,1.2,2.2,20.0
9746,Langston Galloway,gallola01,6-2,200lb,Point Guard and Shooting Guard,Louisiana,/players/g/gallola01/gamelog/2019/,2018-19,27.0,DET,NBA,SG,9.0,0.0,23.9,2.9,6.9,0.419,1.3,4.6,0.293,1.6,2.3,0.667,0.516,1.3,1.7,0.8,0.6,2.4,3.0,1.2,0.4,0.1,0.6,1.8,8.4
9950,Marc Gasol,gasolma01,7-1,255lb,Center,Spain,/players/g/gasolma01/gamelog/2019/,2018-19,34.0,MEM,NBA,C,10.0,10.0,32.8,4.7,11.2,0.42,1.5,3.4,0.441,3.2,7.8,0.41,0.487,3.5,4.4,0.795,0.9,8.0,8.9,4.2,2.0,0.8,1.6,2.6,14.4
9971,Pau Gasol,gasolpa01,7-0,250lb,Center and Power Forward,Spain,/players/g/gasolpa01/gamelog/2019/,2018-19,38.0,SAS,NBA,C,9.0,0.0,17.4,2.4,4.8,0.512,0.4,0.8,0.5710000000000001,2.0,4.0,0.5,0.5579999999999999,1.4,2.0,0.722,1.2,4.9,6.1,3.3,0.1,1.0,0.8,1.8,6.8
10021,Rudy Gay,gayru01,6-8,230lb,Small Forward and Power Forward,New York,/players/g/gayru01/gamelog/2019/,2018-19,32.0,SAS,NBA,SF,8.0,7.0,28.0,5.6,11.5,0.489,1.1,2.0,0.563,4.5,9.5,0.474,0.5379999999999999,0.9,1.4,0.636,1.3,6.6,7.9,2.0,1.1,0.5,2.1,2.5,13.3
10093,Paul George,georgpa01,6-9,220lb,Shooting Guard and Small Forward,California,/players/g/georgpa01/gamelog/2019/,2018-19,28.0,OKC,NBA,SF,11.0,11.0,35.3,7.4,19.0,0.388,2.8,8.6,0.326,4.5,10.4,0.439,0.462,4.5,5.6,0.79,0.8,6.3,7.1,4.3,2.8,0.6,2.9,2.8,22.0
10195,Taj Gibson,gibsota01,6-9,225lb,Power Forward,New York,/players/g/gibsota01/gamelog/2019/,2018-19,33.0,MIN,NBA,PF,12.0,12.0,27.3,4.7,8.6,0.544,0.6,1.3,0.438,4.1,7.3,0.563,0.578,1.3,1.8,0.682,3.0,4.0,7.0,1.4,1.3,0.9,1.0,2.9,11.2
10396,Rudy Gobert,goberru01,7-1,245lb,Center,France,/players/g/goberru01/gamelog/2019/,2018-19,26.0,UTA,NBA,C,11.0,11.0,33.7,6.3,8.7,0.7190000000000001,0.0,0.0,,6.3,8.7,0.7190000000000001,0.7190000000000001,3.8,6.5,0.583,3.6,9.5,13.1,1.3,1.1,2.4,1.9,3.3,16.4
10508,Aaron Gordon,gordoaa01,6-9,220lb,Small Forward and Power Forward,California,/players/g/gordoaa01/gamelog/2019/,2018-19,23.0,ORL,NBA,PF,11.0,11.0,32.2,6.2,13.3,0.466,1.6,4.6,0.353,4.5,8.6,0.526,0.527,2.0,3.1,0.647,2.1,6.1,8.2,2.4,0.9,0.8,2.0,3.1,16.0
10534,Eric Gordon,gordoer01,6-4,215lb,Point Guard and Shooting Guard,Indiana,/players/g/gordoer01/gamelog/2019/,2018-19,30.0,HOU,NBA,SG,7.0,5.0,33.3,5.1,16.0,0.321,1.9,7.9,0.236,3.3,8.1,0.404,0.379,2.9,3.1,0.909,0.7,2.7,3.4,1.7,0.3,0.7,1.3,1.9,15.0
10556,Marcin Gortat,gortama01,6-11,240lb,Center and Power Forward,Poland,/players/g/gortama01/gamelog/2019/,2018-19,34.0,LAC,NBA,C,8.0,8.0,16.6,1.3,3.1,0.4,0.0,0.0,,1.3,3.1,0.4,0.4,1.1,1.4,0.818,1.6,3.9,5.5,1.5,0.0,0.8,1.1,2.4,3.6
10634,Treveon Graham,grahatr01,6-6,220lb,Shooting Guard,District of Columbia,/players/g/grahatr01/gamelog/2019/,2018-19,25.0,BRK,NBA,SG,2.0,0.0,13.5,0.0,1.5,0.0,0.0,1.0,0.0,0.0,0.5,0.0,0.0,0.0,0.0,,0.5,1.5,2.0,0.5,0.5,0.0,1.0,2.5,0.0
10741,Jerami Grant,grantje01,6-8,210lb,Power Forward and Small Forward,Oregon,/players/g/grantje01/gamelog/2019/,2018-19,24.0,OKC,NBA,PF,11.0,8.0,29.9,3.9,8.5,0.462,0.9,3.1,0.294,3.0,5.4,0.5589999999999999,0.516,2.4,3.5,0.667,1.0,4.3,5.3,1.5,1.0,1.1,1.0,3.0,11.1
10746,Jerian Grant,grantje02,6-4,195lb,Point Guard,Maryland,/players/g/grantje02/gamelog/2019/,2018-19,26.0,ORL,NBA,PG,11.0,0.0,20.0,1.9,5.2,0.368,0.5,1.8,0.3,1.4,3.4,0.405,0.421,0.4,0.9,0.4,0.5,1.7,2.3,3.4,1.5,0.1,1.5,1.7,4.7
10861,Danny Green,greenda02,6-6,215lb,Shooting Guard,New York,/players/g/greenda02/gamelog/2019/,2018-19,31.0,TOR,NBA,SG,12.0,12.0,29.5,3.5,8.0,0.438,2.7,5.9,0.451,0.8,2.1,0.4,0.604,0.4,0.4,1.0,0.7,3.5,4.2,1.5,1.2,1.0,1.2,2.2,10.1
10871,Draymond Green,greendr01,6-7,230lb,Small Forward and Power Forward,Michigan,/players/g/greendr01/gamelog/2019/,2018-19,28.0,GSW,NBA,PF,11.0,11.0,29.9,3.0,6.3,0.478,0.5,2.1,0.261,2.5,4.2,0.5870000000000001,0.522,1.1,1.6,0.667,0.9,6.3,7.2,7.9,1.8,0.9,3.1,3.1,7.6
10891,Gerald Green,greenge01,6-7,205lb,Shooting Guard and Small Forward,Texas,/players/g/greenge01/gamelog/2019/,2018-19,33.0,HOU,NBA,SG,10.0,0.0,19.5,2.8,7.6,0.368,1.5,5.7,0.263,1.3,1.9,0.684,0.467,0.5,0.5,1.0,0.8,2.1,2.9,0.6,0.3,0.1,0.7,1.8,7.6
10899,JaMychal Green,greenja01,6-9,227lb,Power Forward,Alabama,/players/g/greenja01/gamelog/2019/,2018-19,28.0,MEM,NBA,PF,2.0,2.0,19.5,3.0,7.5,0.4,0.5,1.0,0.5,2.5,6.5,0.385,0.433,1.0,1.0,1.0,2.0,4.0,6.0,2.0,2.0,0.0,2.0,2.0,7.5
10917,Jeff Green,greenje02,6-9,235lb,Small Forward and Power Forward,Maryland,/players/g/greenje02/gamelog/2019/,2018-19,32.0,WAS,NBA,PF,10.0,1.0,24.1,3.3,7.6,0.434,0.4,2.4,0.16699999999999998,2.9,5.2,0.5579999999999999,0.461,2.4,2.5,0.96,1.5,3.3,4.8,1.1,0.4,0.7,1.5,2.5,9.4
11148,Blake Griffin,griffbl01,6-10,251lb,Power Forward,Oklahoma,/players/g/griffbl01/gamelog/2019/,2018-19,29.0,DET,NBA,PF,10.0,10.0,36.7,9.4,19.5,0.482,2.4,5.9,0.407,7.0,13.6,0.515,0.544,6.1,8.2,0.7440000000000001,1.9,8.8,10.7,4.6,0.7,0.5,3.6,3.3,27.3
11675,Tim Hardaway,hardati02,6-6,205lb,Shooting Guard,California,/players/h/hardati02/gamelog/2019/,2018-19,26.0,NYK,NBA,SG,11.0,11.0,32.8,7.8,19.0,0.411,3.4,8.9,0.378,4.5,10.1,0.441,0.5,5.3,6.2,0.853,0.4,2.8,3.2,3.3,1.0,0.1,2.0,2.8,24.3
11686,James Harden,hardeja01,6-5,220lb,Point Guard and Shooting Guard,California,/players/h/hardeja01/gamelog/2019/,2018-19,29.0,HOU,NBA,SG,7.0,7.0,35.7,8.3,18.6,0.446,4.1,10.0,0.414,4.1,8.6,0.483,0.5579999999999999,5.9,7.7,0.759,0.7,4.7,5.4,7.7,2.6,0.6,5.4,2.9,26.6
11735,Maurice Harkless,harklma01,6-9,215lb,Small Forward,New York,/players/h/harklma01/gamelog/2019/,2018-19,25.0,POR,NBA,SF,5.0,0.0,17.6,1.4,3.6,0.389,0.6,1.6,0.375,0.8,2.0,0.4,0.472,0.4,0.4,1.0,0.6,4.2,4.8,1.0,0.4,1.2,0.4,2.0,3.8
11804,Montrezl Harrell,harremo01,6-8,240lb,Center and Power Forward,North Carolina,/players/h/harremo01/gamelog/2019/,2018-19,25.0,LAC,NBA,C,11.0,0.0,21.7,4.8,7.2,0.6709999999999999,0.0,0.0,,4.8,7.2,0.6709999999999999,0.6709999999999999,3.1,4.5,0.68,1.2,4.8,6.0,1.4,1.0,1.8,1.5,2.9,12.7
11897,Devin Harris,harride01,6-3,192lb,Point Guard and Shooting Guard,Wisconsin,/players/h/harride01/gamelog/2019/,2018-19,35.0,DAL,NBA,PG,1.0,0.0,6.0,0.0,2.0,0.0,0.0,1.0,0.0,0.0,1.0,0.0,0.0,0.0,0.0,,0.0,0.0,0.0,1.0,0.0,0.0,0.0,0.0,0.0
11905,Gary Harris,harriga01,6-4,210lb,Shooting Guard,Indiana,/players/h/harriga01/gamelog/2019/,2018-19,24.0,DEN,NBA,SG,11.0,11.0,33.5,6.8,14.9,0.457,1.4,4.6,0.294,5.5,10.3,0.531,0.503,3.5,4.3,0.809,0.9,2.9,3.8,3.1,1.1,0.5,1.2,2.0,18.5
11911,Joe Harris,harrijo01,6-6,219lb,Shooting Guard,Washington,/players/h/harrijo01/gamelog/2019/,2018-19,27.0,BRK,NBA,SG,11.0,11.0,30.2,5.0,9.2,0.545,2.8,5.1,0.5539999999999999,2.2,4.1,0.5329999999999999,0.698,0.5,0.7,0.75,0.7,2.5,3.3,2.5,0.5,0.2,1.5,2.8,13.4
11964,Tobias Harris,harrito02,6-9,235lb,Small Forward and Power Forward,New York,/players/h/harrito02/gamelog/2019/,2018-19,26.0,LAC,NBA,PF,11.0,11.0,33.6,7.8,15.2,0.515,1.8,4.4,0.417,6.0,10.8,0.555,0.575,3.3,4.0,0.818,1.1,7.6,8.7,1.9,0.3,0.6,1.5,1.8,20.7
11976,Andrew Harrison,harrian01,6-6,213lb,Point Guard,Texas,/players/h/harrian01/gamelog/2019/,2018-19,24.0,MEM,NBA,PG,1.0,0.0,5.0,1.0,2.0,0.5,0.0,1.0,0.0,1.0,1.0,1.0,0.5,0.0,0.0,,0.0,0.0,0.0,0.0,0.0,0.0,0.0,1.0,2.0
11996,Shaquille Harrison,harrish01,6-4,190lb,Point Guard,Missouri,/players/h/harrish01/gamelog/2019/,2018-19,25.0,CHI,NBA,PG,3.0,0.0,12.0,2.7,5.3,0.5,0.7,1.7,0.4,2.0,3.7,0.545,0.563,1.7,3.3,0.5,1.0,1.7,2.7,2.7,0.7,0.0,1.0,2.3,7.7
12015,Josh Hart,hartjo01,6-5,209lb,Shooting Guard,Maryland,/players/h/hartjo01/gamelog/2019/,2018-19,23.0,LAL,NBA,SG,11.0,3.0,28.0,4.0,8.5,0.473,2.3,5.0,0.455,1.7,3.5,0.5,0.608,1.8,2.5,0.7140000000000001,0.4,3.5,3.9,1.2,1.7,0.5,1.1,2.5,12.1
12065,Udonis Haslem,hasleud01,6-8,235lb,Power Forward and Center,Florida,/players/h/hasleud01/gamelog/2019/,2018-19,38.0,MIA,NBA,C,1.0,0.0,4.0,0.0,2.0,0.0,0.0,2.0,0.0,0.0,0.0,,0.0,0.0,0.0,,0.0,1.0,1.0,0.0,0.0,0.0,2.0,1.0,0.0
12283,Gordon Hayward,haywago01,6-8,226lb,Small Forward,Indiana,/players/h/haywago01/gamelog/2019/,2018-19,28.0,BOS,NBA,SF,10.0,10.0,25.0,3.8,9.5,0.4,1.3,3.9,0.333,2.5,5.6,0.446,0.468,1.0,1.5,0.667,1.0,4.6,5.6,2.2,0.8,0.3,1.2,1.7,9.9
12512,John Henson,hensojo01,6-11,229lb,Power Forward and Center,North Carolina,/players/h/hensojo01/gamelog/2019/,2018-19,28.0,MIL,NBA,C,11.0,0.0,14.9,2.5,5.3,0.466,0.7,2.2,0.333,1.7,3.1,0.5589999999999999,0.534,0.5,0.9,0.6,1.5,4.5,5.9,0.7,0.5,0.9,1.0,1.2,6.2
12541,Juan Hernangomez,hernaju01,6-9,230lb,Power Forward,Spain,/players/h/hernaju01/gamelog/2019/,2018-19,23.0,DEN,NBA,PF,10.0,0.0,19.8,2.4,4.9,0.49,1.3,3.0,0.433,1.1,1.9,0.579,0.622,0.7,0.9,0.778,1.6,2.5,4.1,0.5,0.5,0.6,0.5,1.5,6.8
12547,Willy Hernangomez,hernawi01,6-11,240lb,Center,Spain,/players/h/hernawi01/gamelog/2019/,2018-19,24.0,CHO,NBA,C,10.0,0.0,14.5,2.3,4.0,0.575,0.4,0.7,0.5710000000000001,1.9,3.3,0.5760000000000001,0.625,2.2,2.6,0.846,2.1,3.7,5.8,0.9,0.6,0.5,1.0,2.0,7.2
12621,Mario Hezonja,hezonma01,6-8,215lb,Small Forward,Croatia,/players/h/hezonma01/gamelog/2019/,2018-19,23.0,NYK,NBA,SF,12.0,0.0,18.9,3.7,9.6,0.383,1.0,3.8,0.267,2.7,5.8,0.457,0.435,0.6,1.3,0.467,0.3,3.3,3.5,1.2,0.8,0.1,1.3,1.7,8.9
12661,Buddy Hield,hieldbu01,6-4,214lb,Shooting Guard,Bahamas,/players/h/hieldbu01/gamelog/2019/,2018-19,25.0,SAC,NBA,SG,11.0,11.0,31.7,7.8,15.2,0.515,2.5,5.4,0.458,5.4,9.8,0.546,0.596,2.0,2.4,0.846,0.8,4.8,5.6,2.6,0.5,0.6,2.5,2.4,20.1
12779,George Hill,hillge01,6-3,188lb,Point Guard,Indiana,/players/h/hillge01/gamelog/2019/,2018-19,32.0,CLE,NBA,PG,10.0,10.0,26.5,5.0,9.0,0.556,1.2,2.5,0.48,3.8,6.5,0.585,0.622,1.4,1.6,0.875,0.8,1.1,1.9,3.0,1.0,0.1,1.6,2.7,12.6
12825,Solomon Hill,hillso01,6-7,225lb,Small Forward,California,/players/h/hillso01/gamelog/2019/,2018-19,27.0,NOP,NBA,SF,8.0,1.0,17.8,1.0,3.6,0.276,0.4,1.8,0.214,0.6,1.9,0.333,0.328,0.4,0.5,0.75,0.3,1.9,2.1,1.8,0.8,0.4,0.6,1.4,2.8
12986,Jrue Holiday,holidjr01,6-4,205lb,Point Guard and Shooting Guard,California,/players/h/holidjr01/gamelog/2019/,2018-19,28.0,NOP,NBA,SG,11.0,11.0,36.2,6.9,15.1,0.458,0.9,4.5,0.2,6.0,10.5,0.569,0.488,4.0,5.1,0.7859999999999999,1.0,3.5,4.5,8.8,1.5,0.6,3.5,2.5,18.7
12995,Justin Holiday,holidju01,6-6,181lb,Shooting Guard,California,/players/h/holidju01/gamelog/2019/,2018-19,29.0,CHI,NBA,SG,12.0,12.0,35.7,4.2,10.2,0.41,2.9,7.5,0.389,1.3,2.7,0.469,0.5529999999999999,0.8,0.8,0.9,0.3,3.3,3.6,2.4,1.6,0.4,0.6,2.3,12.0
13008,John Holland,hollajo02,6-5,205lb,Small Forward,New York,/players/h/hollajo02/gamelog/2019/,2018-19,30.0,CLE,NBA,SF,1.0,0.0,1.0,0.0,0.0,,0.0,0.0,,0.0,0.0,,,0.0,0.0,,0.0,0.0,0.0,0.0,0.0,0.0,0.0,0.0,0.0
13050,Rondae Hollis-Jefferson,holliro01,6-7,220lb,Small Forward,Pennsylvania,/players/h/holliro01/gamelog/2019/,2018-19,24.0,BRK,NBA,SF,8.0,0.0,21.0,4.0,9.4,0.4270000000000001,0.0,0.8,0.0,4.0,8.6,0.464,0.4270000000000001,1.3,2.3,0.556,0.8,4.6,5.4,1.5,0.6,0.5,0.8,1.5,9.3
13057,Richaun Holmes,holmeri01,6-10,245lb,Power Forward and Center,Illinois,/players/h/holmeri01/gamelog/2019/,2018-19,25.0,PHO,NBA,C,10.0,0.0,8.2,1.1,1.8,0.611,0.0,0.0,,1.1,1.8,0.611,0.611,0.4,0.7,0.5710000000000001,1.3,2.0,3.3,0.4,0.3,0.5,0.9,1.5,2.6
13106,Rodney Hood,hoodro01,6-8,206lb,Shooting Guard,Mississippi,/players/h/hoodro01/gamelog/2019/,2018-19,26.0,CLE,NBA,SG,11.0,11.0,27.2,4.5,10.5,0.431,0.9,2.5,0.37,3.6,8.1,0.449,0.474,2.3,2.5,0.926,0.4,2.5,2.8,2.3,0.9,0.1,0.7,2.6,12.3
13166,Al Horford,horfoal01,6-10,245lb,Center,Dominican Republic,/players/h/horfoal01/gamelog/2019/,2018-19,32.0,BOS,NBA,C,11.0,11.0,30.0,4.7,10.5,0.448,1.4,4.5,0.3,3.4,6.0,0.561,0.513,1.1,1.6,0.667,1.8,4.4,6.2,3.9,0.6,1.5,1.6,1.9,11.9
13286,Dwight Howard,howardw01,6-11,265lb,Power Forward and Center,Georgia,/players/h/howardw01/gamelog/2019/,2018-19,33.0,WAS,NBA,C,3.0,3.0,29.0,4.7,7.3,0.636,0.0,0.0,,4.7,7.3,0.636,0.636,3.3,5.3,0.625,2.3,5.7,8.0,1.0,1.0,0.7,0.7,3.7,12.7
13629,Serge Ibaka,ibakase01,6-10,235lb,Power Forward and Center,Republic of the Congo,/players/i/ibakase01/gamelog/2019/,2018-19,29.0,TOR,NBA,C,12.0,7.0,26.6,7.4,12.5,0.593,0.7,2.3,0.28600000000000003,6.8,10.2,0.664,0.62,2.2,2.9,0.743,2.4,5.5,7.9,1.0,0.8,1.4,2.1,3.3,17.7
13645,Andre Iguodala,iguodan01,6-6,215lb,Shooting Guard and Small Forward,Illinois,/players/i/iguodan01/gamelog/2019/,2018-19,35.0,GSW,NBA,SF,10.0,0.0,18.7,1.2,3.1,0.387,0.4,1.4,0.28600000000000003,0.8,1.7,0.471,0.452,0.3,0.6,0.5,0.5,1.9,2.4,2.7,0.9,0.7,1.0,1.4,3.1
13690,Ersan Ilyasova,ilyaser01,6-10,235lb,Power Forward,Turkey,/players/i/ilyaser01/gamelog/2019/,2018-19,31.0,MIL,NBA,PF,11.0,1.0,23.2,3.2,6.2,0.515,1.2,2.9,0.406,2.0,3.3,0.611,0.61,1.5,1.7,0.8420000000000001,1.4,5.4,6.7,1.5,0.8,0.3,0.7,2.9,9.0
13715,Joe Ingles,inglejo01,6-8,226lb,Small Forward,Australia,/players/i/inglejo01/gamelog/2019/,2018-19,31.0,UTA,NBA,SF,11.0,11.0,33.7,4.5,11.0,0.413,2.5,6.6,0.37,2.1,4.4,0.479,0.525,1.1,1.8,0.6,0.3,4.0,4.3,4.2,1.7,0.2,2.8,2.4,12.6
13723,Brandon Ingram,ingrabr01,6-9,190lb,Shooting Guard and Small Forward,North Carolina,/players/i/ingrabr01/gamelog/2019/,2018-19,21.0,LAL,NBA,SG,7.0,7.0,30.7,6.4,13.1,0.489,0.9,2.1,0.4,5.6,11.0,0.506,0.522,2.4,3.6,0.68,1.0,3.0,4.0,1.9,0.9,1.1,2.6,2.9,16.1
13748,Kyrie Irving,irvinky01,6-3,193lb,Point Guard,Australia,/players/i/irvinky01/gamelog/2019/,2018-19,26.0,BOS,NBA,PG,11.0,11.0,32.6,7.8,16.4,0.478,2.8,6.7,0.419,5.0,9.6,0.519,0.564,2.5,3.0,0.848,0.9,4.1,5.0,5.4,1.2,0.7,2.5,2.3,21.0
13751,Jonathan Isaac,isaacjo01,6-10,210lb,Power Forward and Small Forward,New York,/players/i/isaacjo01/gamelog/2019/,2018-19,21.0,ORL,NBA,SF,8.0,8.0,22.0,2.8,6.6,0.415,0.6,2.4,0.263,2.1,4.3,0.5,0.462,1.0,1.4,0.727,1.4,4.0,5.4,0.5,0.8,1.0,0.8,2.1,7.1
13811,Wesley Iwundu,iwundwe01,6-7,193lb,Small Forward,Texas,/players/i/iwundwe01/gamelog/2019/,2018-19,24.0,ORL,NBA,SF,7.0,3.0,17.3,1.6,5.1,0.306,0.0,0.7,0.0,1.6,4.4,0.355,0.306,1.7,2.3,0.75,0.7,1.7,2.4,0.1,0.3,0.1,0.6,1.9,4.9
13923,Josh Jackson,jacksjo02,6-8,207lb,Shooting Guard and Small Forward,California,/players/j/jacksjo02/gamelog/2019/,2018-19,21.0,PHO,NBA,SG,11.0,3.0,18.0,2.8,6.7,0.419,0.5,2.1,0.261,2.3,4.6,0.49,0.459,0.7,1.4,0.5329999999999999,0.0,1.8,1.8,1.8,0.5,0.6,3.0,2.6,6.9
13926,Justin Jackson,jacksju01,6-8,200lb,Small Forward,Texas,/players/j/jacksju01/gamelog/2019/,2018-19,23.0,SAC,NBA,SF,11.0,2.0,24.5,3.0,6.9,0.434,0.9,3.5,0.263,2.1,3.5,0.605,0.5,0.7,1.0,0.727,0.5,2.5,3.0,1.8,0.6,0.2,0.5,1.2,7.6
14026,Reggie Jackson,jacksre01,6-3,208lb,Point Guard,Italy,/players/j/jacksre01/gamelog/2019/,2018-19,28.0,DET,NBA,PG,10.0,10.0,30.4,5.1,14.2,0.359,2.1,6.9,0.304,3.0,7.3,0.411,0.433,3.9,4.7,0.83,0.8,1.9,2.7,3.7,0.3,0.1,1.8,3.3,16.2
14146,LeBron James,jamesle01,6-8,250lb,Shooting Guard and Power Forward and Small Forward,Ohio,/players/j/jamesle01/gamelog/2019/,2018-19,34.0,LAL,NBA,PF,11.0,11.0,35.4,9.6,19.3,0.5,1.6,5.5,0.295,8.0,13.7,0.583,0.542,5.6,7.4,0.765,0.8,7.1,7.9,7.8,1.5,0.8,3.2,2.0,26.5
14357,Jonas Jerebko,jerebjo01,6-10,231lb,Power Forward,Sweden,/players/j/jerebjo01/gamelog/2019/,2018-19,31.0,GSW,NBA,PF,12.0,0.0,16.5,2.1,4.7,0.446,1.0,2.5,0.4,1.1,2.2,0.5,0.5539999999999999,1.4,1.7,0.85,1.0,3.4,4.4,1.5,0.5,0.2,0.8,2.5,6.6
14392,Amir Johnson,johnsam01,6-9,240lb,Small Forward and Power Forward and Center,California,/players/j/johnsam01/gamelog/2019/,2018-19,31.0,PHI,NBA,C,12.0,0.0,11.0,1.8,2.9,0.629,0.1,0.3,0.333,1.8,2.7,0.6559999999999999,0.643,1.2,1.5,0.778,0.8,2.7,3.4,1.3,0.3,0.3,1.3,2.3,4.9
14877,Stanley Johnson,johnsst04,6-7,245lb,Small Forward,California,/players/j/johnsst04/gamelog/2019/,2018-19,22.0,DET,NBA,SF,9.0,7.0,26.1,2.7,7.3,0.364,1.2,4.3,0.282,1.4,3.0,0.481,0.447,0.4,0.6,0.8,0.7,3.7,4.3,1.7,0.7,0.2,2.0,2.2,7.0
14926,Tyler Johnson,johnsty01,6-4,186lb,Point Guard and Shooting Guard,North Dakota,/players/j/johnsty01/gamelog/2019/,2018-19,26.0,MIA,NBA,PG,10.0,0.0,24.5,3.5,8.0,0.438,1.0,3.8,0.263,2.5,4.2,0.595,0.5,1.3,2.1,0.619,0.3,2.2,2.5,2.1,1.4,0.4,1.2,1.6,9.3
14952,Wesley Johnson,johnswe01,6-7,215lb,Shooting Guard and Small Forward,Texas,/players/j/johnswe01/gamelog/2019/,2018-19,31.0,NOP,NBA,SF,5.0,3.0,17.8,2.0,4.2,0.476,1.2,2.6,0.462,0.8,1.6,0.5,0.619,0.6,0.8,0.75,0.4,2.0,2.4,0.6,0.8,0.6,1.2,2.0,5.8
14977,Nikola Jokic,jokicni01,6-10,250lb,Center,Serbia,/players/j/jokicni01/gamelog/2019/,2018-19,23.0,DEN,NBA,C,11.0,11.0,29.0,5.3,10.2,0.518,1.0,2.7,0.3670000000000001,4.3,7.5,0.573,0.5670000000000001,4.3,5.1,0.8390000000000001,2.1,7.6,9.7,7.4,1.3,0.9,3.1,3.4,15.8
15088,Damian Jones,jonesda03,7-0,245lb,Center,Louisiana,/players/j/jonesda03/gamelog/2019/,2018-19,23.0,GSW,NBA,C,12.0,12.0,16.4,2.7,3.5,0.762,0.0,0.0,,2.7,3.5,0.762,0.762,1.0,1.7,0.6,1.2,1.5,2.7,1.1,0.7,0.9,0.6,2.8,6.3
15112,Derrick Jones,jonesde02,6-7,190lb,Small Forward,Pennsylvania,/players/j/jonesde02/gamelog/2019/,2018-19,21.0,MIA,NBA,SF,7.0,3.0,16.4,2.1,5.9,0.366,0.4,1.3,0.333,1.7,4.6,0.375,0.402,1.3,1.9,0.6920000000000001,1.4,2.0,3.4,0.6,0.3,0.4,1.0,2.1,6.0
15360,Tyus Jones,jonesty01,6-2,195lb,Point Guard,Minnesota,/players/j/jonesty01/gamelog/2019/,2018-19,22.0,MIN,NBA,PG,11.0,2.0,20.1,2.1,6.7,0.311,0.9,2.7,0.333,1.2,4.0,0.295,0.378,0.2,0.2,1.0,0.3,1.2,1.5,3.3,1.1,0.1,0.5,1.0,5.3
15411,DeAndre Jordan,jordade01,6-11,265lb,Center,Texas,/players/j/jordade01/gamelog/2019/,2018-19,30.0,DAL,NBA,C,11.0,11.0,33.4,4.4,6.9,0.632,0.0,0.0,,4.4,6.9,0.632,0.632,3.4,4.0,0.841,3.0,10.9,13.9,2.5,0.6,1.5,2.5,3.1,12.1
15493,Cory Joseph,josepco01,6-3,193lb,Shooting Guard and Point Guard,Canada,/players/j/josepco01/gamelog/2019/,2018-19,27.0,IND,NBA,PG,12.0,0.0,24.8,2.6,5.5,0.47,0.8,1.8,0.409,1.8,3.7,0.5,0.5379999999999999,0.3,0.6,0.429,0.2,2.8,3.0,3.3,1.2,0.3,0.9,1.6,6.2
15550,Frank Kaminsky,kaminfr01,7-0,242lb,Center and Power Forward,Illinois,/players/k/kaminfr01/gamelog/2019/,2018-19,25.0,CHO,NBA,PF,4.0,0.0,5.5,0.5,1.8,0.28600000000000003,0.0,0.8,0.0,0.5,1.0,0.5,0.28600000000000003,0.0,0.0,,0.0,1.0,1.0,0.5,0.0,0.0,0.8,0.5,1.0
15561,Enes Kanter,kanteen01,6-11,245lb,Center,Switzerland,/players/k/kanteen01/gamelog/2019/,2018-19,26.0,NYK,NBA,C,12.0,5.0,27.3,6.3,11.3,0.551,0.1,0.4,0.2,6.2,10.9,0.565,0.555,2.8,3.4,0.8290000000000001,3.9,7.8,11.7,2.3,0.5,0.5,2.5,2.8,15.4
15735,Luke Kennard,kennalu01,6-6,206lb,Shooting Guard,Ohio,/players/k/kennalu01/gamelog/2019/,2018-19,22.0,DET,NBA,SG,3.0,1.0,14.3,2.7,4.0,0.667,0.3,0.7,0.5,2.3,3.3,0.7,0.708,0.0,0.0,,0.0,1.7,1.7,1.0,0.3,0.3,0.3,0.7,5.7
15897,Michael Kidd-Gilchrist,kiddgmi01,6-7,232lb,Power Forward and Small Forward,Pennsylvania,/players/k/kiddgmi01/gamelog/2019/,2018-19,25.0,CHO,NBA,PF,11.0,0.0,21.2,3.5,7.1,0.487,0.2,0.6,0.28600000000000003,3.3,6.5,0.507,0.5,1.5,2.2,0.708,2.3,3.6,5.9,1.5,0.3,1.4,0.7,3.0,8.6
16106,Maxi Kleber,klebima01,6-10,220lb,Power Forward,Germany,/players/k/klebima01/gamelog/2019/,2018-19,27.0,DAL,NBA,PF,11.0,0.0,18.1,2.4,5.2,0.456,1.0,3.1,0.324,1.4,2.1,0.652,0.5529999999999999,0.8,1.2,0.6920000000000001,1.2,2.7,3.9,0.4,0.3,1.3,0.6,1.3,6.5
16291,Furkan Korkmaz,korkmfu01,6-7,185lb,Shooting Guard,Turkey,/players/k/korkmfu01/gamelog/2019/,2018-19,21.0,PHI,NBA,SG,6.0,0.0,5.0,0.5,1.2,0.429,0.0,0.7,0.0,0.5,0.5,1.0,0.429,0.0,0.0,,0.0,0.8,0.8,0.0,0.2,0.0,0.0,0.5,1.0
16297,Luke Kornet,kornelu01,7-1,250lb,Power Forward,Texas,/players/k/kornelu01/gamelog/2019/,2018-19,23.0,NYK,NBA,PF,4.0,0.0,3.3,0.0,0.5,0.0,0.0,0.5,0.0,0.0,0.0,,0.0,0.0,0.0,,0.0,0.0,0.0,0.5,0.0,0.0,0.3,0.0,0.0
16321,Kyle Korver,korveky01,6-7,212lb,Shooting Guard and Power Forward and Small Forward,California,/players/k/korveky01/gamelog/2019/,2018-19,37.0,CLE,NBA,PF,10.0,0.0,14.9,1.8,4.1,0.439,1.0,2.8,0.35700000000000004,0.8,1.3,0.615,0.561,0.7,0.8,0.875,0.0,1.3,1.3,1.4,0.2,0.0,1.3,1.6,5.3
16344,Kosta Koufos,koufoko01,7-0,265lb,Center,Ohio,/players/k/koufoko01/gamelog/2019/,2018-19,29.0,SAC,NBA,C,5.0,0.0,13.2,2.2,4.4,0.5,0.0,0.0,,2.2,4.4,0.5,0.5,0.0,0.0,,1.2,3.2,4.4,0.8,0.8,0.4,0.4,2.2,4.4
16500,Kyle Kuzma,kuzmaky01,6-9,220lb,Small Forward and Power Forward,Michigan,/players/k/kuzmaky01/gamelog/2019/,2018-19,23.0,LAL,NBA,SF,11.0,9.0,31.8,7.6,15.5,0.494,1.7,5.5,0.311,5.9,9.9,0.596,0.55,2.2,2.9,0.75,0.5,4.3,4.8,1.5,0.3,0.6,1.2,2.6,19.2
16510,Skal Labissiere,labissk01,6-11,225lb,Power Forward,Haiti,/players/l/labissk01/gamelog/2019/,2018-19,22.0,SAC,NBA,PF,5.0,0.0,5.6,0.8,1.8,0.444,0.2,1.0,0.2,0.6,0.8,0.75,0.5,0.8,0.8,1.0,0.2,1.2,1.4,0.4,0.2,0.0,0.6,1.2,2.6
16628,Jeremy Lamb,lambje01,6-5,185lb,Shooting Guard and Small Forward,Virginia,/players/l/lambje01/gamelog/2019/,2018-19,26.0,CHO,NBA,SG,11.0,11.0,24.5,4.5,10.5,0.422,1.3,3.7,0.341,3.2,6.8,0.467,0.483,1.8,2.0,0.909,0.8,3.6,4.5,1.5,1.1,0.5,0.7,2.0,12.0
16832,Zach LaVine,lavinza01,6-5,200lb,Point Guard and Shooting Guard,Washington,/players/l/lavinza01/gamelog/2019/,2018-19,23.0,CHI,NBA,SG,12.0,12.0,35.8,9.3,20.1,0.461,2.3,6.6,0.354,6.9,13.5,0.512,0.519,6.6,7.8,0.8490000000000001,0.3,4.8,5.0,3.8,0.9,0.8,4.0,2.9,27.4
16870,Jake Layman,laymaja01,6-9,210lb,Small Forward,Massachusetts,/players/l/laymaja01/gamelog/2019/,2018-19,24.0,POR,NBA,SF,12.0,12.0,14.5,2.3,4.2,0.54,0.8,1.8,0.409,1.5,2.3,0.643,0.63,0.1,0.2,0.5,0.8,1.8,2.6,0.3,0.5,0.3,0.4,1.0,5.3
16881,T.J. Leaf,leaftj01,6-10,222lb,Power Forward,Israel,/players/l/leaftj01/gamelog/2019/,2018-19,21.0,IND,NBA,PF,7.0,0.0,7.6,0.6,2.4,0.235,0.1,0.6,0.25,0.4,1.9,0.231,0.265,0.0,0.0,,0.4,1.0,1.4,0.4,0.0,0.1,0.3,0.4,1.3
16967,Damion Lee,leeda03,6-6,210lb,Shooting Guard,Maryland,/players/l/leeda03/gamelog/2019/,2018-19,26.0,GSW,NBA,SG,3.0,0.0,6.0,0.7,2.0,0.333,0.3,0.7,0.5,0.3,1.3,0.25,0.417,1.0,1.3,0.75,0.0,0.7,0.7,0.0,0.3,0.0,0.3,2.0,2.7
17071,Alex Len,lenal01,7-1,260lb,Center,Ukraine,/players/l/lenal01/gamelog/2019/,2018-19,25.0,ATL,NBA,C,11.0,11.0,22.5,4.1,7.7,0.529,0.6,1.9,0.333,3.5,5.8,0.594,0.5710000000000001,1.7,2.7,0.633,1.5,3.8,5.4,1.3,0.5,1.3,1.8,2.7,10.5
17103,Kawhi Leonard,leonaka01,6-7,230lb,Small Forward,California,/players/l/leonaka01/gamelog/2019/,2018-19,27.0,TOR,NBA,SF,8.0,8.0,33.6,9.3,18.8,0.493,1.9,4.3,0.441,7.4,14.5,0.509,0.5429999999999999,5.6,6.3,0.9,1.3,6.8,8.0,3.3,1.8,0.5,2.0,1.5,26.0
17111,Meyers Leonard,leoname01,7-1,245lb,Power Forward and Center,Virginia,/players/l/leoname01/gamelog/2019/,2018-19,26.0,POR,NBA,C,9.0,0.0,10.6,1.2,2.7,0.458,0.6,1.7,0.333,0.7,1.0,0.667,0.563,1.4,1.4,1.0,1.0,2.8,3.8,1.0,0.3,0.1,0.9,1.6,4.4
17152,Jon Leuer,leuerjo01,6-10,228lb,Power Forward and Center,Minnesota,/players/l/leuerjo01/gamelog/2019/,2018-19,29.0,DET,NBA,PF,3.0,0.0,11.0,1.3,2.3,0.5710000000000001,0.0,0.7,0.0,1.3,1.7,0.8,0.5710000000000001,0.7,1.3,0.5,1.0,2.3,3.3,0.0,0.3,0.0,0.0,0.7,3.3
17172,Caris LeVert,leverca01,6-7,203lb,Small Forward,Ohio,/players/l/leverca01/gamelog/2019/,2018-19,24.0,BRK,NBA,SF,11.0,11.0,31.5,7.7,15.7,0.491,1.6,4.6,0.353,6.1,11.1,0.5489999999999999,0.5429999999999999,3.5,4.4,0.792,1.0,3.6,4.6,3.9,1.5,0.4,2.5,2.6,20.5
17318,Damian Lillard,lillada01,6-3,195lb,Point Guard,California,/players/l/lillada01/gamelog/2019/,2018-19,28.0,POR,NBA,PG,12.0,12.0,33.8,8.8,18.8,0.465,2.8,7.3,0.379,6.0,11.6,0.518,0.5379999999999999,6.3,6.8,0.938,0.8,4.2,5.0,5.3,0.8,0.3,2.0,1.4,26.6
17328,Jeremy Lin,linje01,6-3,200lb,Point Guard and Shooting Guard,California,/players/l/linje01/gamelog/2019/,2018-19,30.0,ATL,NBA,PG,11.0,0.0,16.5,2.7,6.0,0.455,0.6,2.1,0.304,2.1,3.9,0.535,0.508,2.8,3.3,0.861,0.0,1.6,1.6,2.5,0.6,0.1,2.0,1.5,8.9
17392,Shaun Livingston,livinsh01,6-7,192lb,Point Guard and Shooting Guard,Illinois,/players/l/livinsh01/gamelog/2019/,2018-19,33.0,GSW,NBA,PG,4.0,0.0,14.3,2.3,4.0,0.563,0.0,0.0,,2.3,4.0,0.563,0.563,1.0,1.0,1.0,1.8,1.8,3.5,1.0,0.8,0.0,0.8,1.5,5.5
17558,Kevon Looney,looneke01,6-9,220lb,Center and Power Forward,Wisconsin,/players/l/looneke01/gamelog/2019/,2018-19,22.0,GSW,NBA,C,12.0,0.0,17.3,2.4,3.7,0.659,0.0,0.0,,2.4,3.7,0.659,0.659,1.3,1.7,0.75,2.1,3.0,5.1,1.4,0.3,0.7,0.8,2.1,6.1
17570,Brook Lopez,lopezbr01,7-0,275lb,Center,California,/players/l/lopezbr01/gamelog/2019/,2018-19,30.0,MIL,NBA,C,11.0,11.0,24.9,3.8,8.7,0.438,2.3,6.2,0.368,1.5,2.5,0.607,0.568,1.1,1.1,1.0,0.4,2.7,3.1,1.1,0.3,1.6,0.8,2.2,11.0
17592,Robin Lopez,lopezro01,7-0,255lb,Center,California,/players/l/lopezro01/gamelog/2019/,2018-19,30.0,CHI,NBA,C,6.0,0.0,14.0,1.0,2.7,0.375,0.0,0.0,,1.0,2.7,0.375,0.375,0.2,0.2,1.0,1.3,0.8,2.2,1.5,0.2,1.3,1.3,1.8,2.2
17652,Kevin Love,loveke01,6-10,251lb,Power Forward and Center,California,/players/l/loveke01/gamelog/2019/,2018-19,30.0,CLE,NBA,PF,4.0,4.0,34.0,5.3,16.3,0.32299999999999995,1.8,6.0,0.292,3.5,10.3,0.341,0.377,6.8,8.3,0.818,2.5,11.0,13.5,3.5,0.3,0.3,2.5,3.5,19.0
17696,Kyle Lowry,lowryky01,6-0,205lb,Point Guard,Pennsylvania,/players/l/lowryky01/gamelog/2019/,2018-19,32.0,TOR,NBA,PG,12.0,12.0,34.0,6.3,12.6,0.4970000000000001,2.6,6.6,0.392,3.7,6.0,0.611,0.599,2.7,3.3,0.8,0.8,3.6,4.3,11.3,1.7,0.5,2.9,2.4,17.8
17799,Timothe Luwawu-Cabarrot,luwawti01,6-6,205lb,Small Forward,France,/players/l/luwawti01/gamelog/2019/,2018-19,23.0,OKC,NBA,SF,4.0,0.0,1.5,0.0,0.8,0.0,0.0,0.5,0.0,0.0,0.3,0.0,0.0,0.0,0.0,,0.0,0.3,0.3,0.0,0.0,0.0,0.0,0.3,0.0
17802,Tyler Lydon,lydonty01,6-10,215lb,Power Forward,New York,/players/l/lydonty01/gamelog/2019/,2018-19,22.0,DEN,NBA,PF,4.0,0.0,2.5,0.3,0.3,1.0,0.0,0.0,,0.3,0.3,1.0,1.0,0.3,0.5,0.5,0.3,0.0,0.3,0.0,0.0,0.0,0.0,0.3,0.8
17807,Trey Lyles,lylestr01,6-10,234lb,Power Forward,Canada,/players/l/lylestr01/gamelog/2019/,2018-19,23.0,DEN,NBA,PF,11.0,0.0,21.6,3.9,9.5,0.41,0.7,3.5,0.205,3.2,6.0,0.53,0.448,2.0,2.8,0.71,0.7,4.7,5.5,1.9,0.8,0.5,1.8,2.1,10.5
17890,Shelvin Mack,macksh01,6-3,203lb,Point Guard and Shooting Guard,Kentucky,/players/m/macksh01/gamelog/2019/,2018-19,28.0,MEM,NBA,PG,10.0,0.0,25.2,4.1,7.6,0.539,1.4,2.5,0.56,2.7,5.1,0.529,0.632,1.8,2.6,0.6920000000000001,0.3,1.7,2.0,3.8,1.0,0.1,1.3,1.6,11.4
18001,Ian Mahinmi,mahinia01,6-11,250lb,Center,France,/players/m/mahinia01/gamelog/2019/,2018-19,32.0,WAS,NBA,C,7.0,6.0,15.1,1.1,2.6,0.444,0.0,0.3,0.0,1.1,2.3,0.5,0.444,1.9,2.9,0.65,1.4,2.4,3.9,0.4,0.6,0.4,0.7,3.3,4.1
18062,Thon Maker,makerth01,7-1,216lb,Center,South Sudan,/players/m/makerth01/gamelog/2019/,2018-19,21.0,MIL,NBA,C,5.0,0.0,11.6,2.4,4.6,0.522,0.8,2.4,0.333,1.6,2.2,0.727,0.609,0.4,0.8,0.5,0.4,3.0,3.4,0.4,0.2,0.6,0.4,1.2,6.0
18298,Boban Marjanovic,marjabo01,7-3,290lb,Center,Serbia,/players/m/marjabo01/gamelog/2019/,2018-19,30.0,LAC,NBA,C,11.0,3.0,12.9,3.1,4.9,0.63,0.0,0.1,0.0,3.1,4.8,0.642,0.63,2.5,3.5,0.711,1.5,4.2,5.7,0.7,0.3,1.1,1.2,2.2,8.6
18425,Jarell Martin,martija01,6-10,239lb,Power Forward,Louisiana,/players/m/martija01/gamelog/2019/,2018-19,24.0,ORL,NBA,PF,6.0,0.0,11.3,1.3,3.8,0.348,0.0,1.2,0.0,1.3,2.7,0.5,0.348,0.5,0.5,1.0,0.3,2.2,2.5,0.8,0.0,0.3,0.5,1.3,3.2
18536,Frank Mason,masonfr01,6-0,189lb,Point Guard,Virginia,/players/m/masonfr01/gamelog/2019/,2018-19,24.0,SAC,NBA,PG,10.0,0.0,15.5,2.5,6.4,0.391,0.6,2.5,0.24,1.9,3.9,0.487,0.438,1.2,1.9,0.632,0.1,1.6,1.7,4.0,0.7,0.2,0.8,1.1,6.8
18602,Wesley Matthews,matthwe02,6-5,220lb,Small Forward and Shooting Guard,Texas,/players/m/matthwe02/gamelog/2019/,2018-19,32.0,DAL,NBA,SG,11.0,11.0,33.6,5.8,13.8,0.421,2.7,7.5,0.361,3.1,6.3,0.493,0.52,3.2,3.8,0.833,0.6,2.3,2.9,2.5,0.7,0.1,1.2,2.6,17.5
18744,Luc Mbah a Moute,mbahalu01,6-8,230lb,Small Forward and Power Forward,Cameroon,/players/m/mbahalu01/gamelog/2019/,2018-19,32.0,LAC,NBA,PF,4.0,0.0,15.3,2.0,4.5,0.444,0.5,1.5,0.333,1.5,3.0,0.5,0.5,0.5,1.3,0.4,0.5,1.3,1.8,0.5,0.3,0.3,0.5,2.0,5.0
18883,CJ McCollum,mccolcj01,6-3,190lb,Shooting Guard,Ohio,/players/m/mccolcj01/gamelog/2019/,2018-19,27.0,POR,NBA,SG,12.0,12.0,32.4,7.9,17.4,0.455,2.3,6.2,0.365,5.7,11.3,0.504,0.519,2.9,3.5,0.833,1.3,3.1,4.3,2.6,0.8,0.3,1.7,2.1,21.0
18892,T.J. McConnell,mccontj01,6-2,200lb,Point Guard,Pennsylvania,/players/m/mccontj01/gamelog/2019/,2018-19,26.0,PHI,NBA,PG,9.0,0.0,13.7,1.8,3.2,0.552,0.0,0.2,0.0,1.8,3.0,0.593,0.552,0.2,0.2,1.0,0.1,1.6,1.7,2.7,0.3,0.2,0.9,0.9,3.8
18990,Doug McDermott,mcderdo01,6-8,225lb,Small Forward,North Dakota,/players/m/mcderdo01/gamelog/2019/,2018-19,27.0,IND,NBA,SF,12.0,0.0,15.8,1.9,4.1,0.469,1.2,2.9,0.4,0.8,1.2,0.643,0.612,0.6,0.8,0.778,0.2,1.0,1.2,0.8,0.3,0.0,0.3,1.8,5.6
19069,JaVale McGee,mcgeeja01,7-0,270lb,Center,Michigan,/players/m/mcgeeja01/gamelog/2019/,2018-19,31.0,LAL,NBA,C,11.0,11.0,26.1,6.4,10.1,0.631,0.1,0.2,0.5,6.3,9.9,0.633,0.635,1.7,2.6,0.655,2.9,4.3,7.2,1.2,0.8,3.1,1.6,3.1,14.5
19150,Rodney McGruder,mcgruro01,6-4,205lb,Shooting Guard,Maryland,/players/m/mcgruro01/gamelog/2019/,2018-19,27.0,MIA,NBA,SG,10.0,10.0,34.4,4.7,10.3,0.456,2.1,4.9,0.429,2.6,5.4,0.481,0.5579999999999999,1.5,2.0,0.75,0.9,5.2,6.1,3.7,0.8,0.3,1.3,3.0,13.0
19318,Alfonzo McKinnie,mckinal01,6-8,215lb,Small Forward,Illinois,/players/m/mckinal01/gamelog/2019/,2018-19,26.0,GSW,NBA,SF,12.0,0.0,15.3,2.7,5.2,0.516,1.1,2.3,0.481,1.6,2.9,0.5429999999999999,0.621,0.4,0.8,0.5,1.5,2.7,4.2,0.6,0.2,0.2,0.3,2.1,6.8
19325,Ben McLemore,mclembe01,6-5,195lb,Shooting Guard,Missouri,/players/m/mclembe01/gamelog/2019/,2018-19,25.0,SAC,NBA,SG,5.0,0.0,4.8,0.8,2.2,0.364,0.8,1.8,0.444,0.0,0.4,0.0,0.545,0.0,0.4,0.0,0.0,0.0,0.0,0.2,0.0,0.0,0.2,0.6,2.4
19469,Jordan McRae,mcraejo01,6-6,185lb,Point Guard and Shooting Guard,Georgia,/players/m/mcraejo01/gamelog/2019/,2018-19,27.0,WAS,NBA,SG,4.0,0.0,5.5,0.3,1.8,0.14300000000000002,0.0,0.5,0.0,0.3,1.3,0.2,0.14300000000000002,0.0,0.0,,0.0,1.0,1.0,0.5,0.0,0.3,0.0,0.0,0.5
19547,Salah Mejri,mejrisa01,7-1,245lb,Center,Tunisia,/players/m/mejrisa01/gamelog/2019/,2018-19,32.0,DAL,NBA,C,2.0,0.0,3.0,0.0,0.5,0.0,0.0,0.0,,0.0,0.5,0.0,0.0,0.0,0.0,,0.5,1.0,1.5,0.0,0.0,0.0,0.5,1.5,0.0
19681,Khris Middleton,middlkh01,6-8,234lb,Small Forward and Shooting Guard,South Carolina,/players/m/middlkh01/gamelog/2019/,2018-19,27.0,MIL,NBA,SF,11.0,11.0,30.5,6.2,14.2,0.436,3.6,8.0,0.455,2.5,6.2,0.412,0.564,3.3,3.7,0.878,0.5,4.6,5.2,4.3,1.5,0.3,2.2,2.6,19.3
19748,C.J. Miles,milescj01,6-6,225lb,Small Forward and Point Guard and Shooting Guard,Texas,/players/m/milescj01/gamelog/2019/,2018-19,31.0,TOR,NBA,SF,11.0,0.0,15.5,1.6,5.3,0.31,0.9,3.5,0.263,0.7,1.8,0.4,0.397,0.7,1.1,0.667,0.4,1.7,2.1,0.8,0.3,0.5,0.5,1.8,4.9
19861,Darius Miller,milleda01,6-8,235lb,Small Forward,Kentucky,/players/m/milleda01/gamelog/2019/,2018-19,28.0,NOP,NBA,SF,7.0,0.0,15.9,1.7,3.6,0.48,1.4,2.9,0.5,0.3,0.7,0.4,0.68,0.1,0.1,1.0,0.1,0.6,0.7,1.3,0.3,0.0,0.7,2.1,5.0
19978,Patty Mills,millspa02,6-0,185lb,Point Guard,Australia,/players/m/millspa02/gamelog/2019/,2018-19,30.0,SAS,NBA,PG,10.0,0.0,27.6,3.7,8.9,0.416,2.1,4.9,0.429,1.6,4.0,0.4,0.534,1.2,1.6,0.75,0.3,3.0,3.3,1.9,0.4,0.2,1.3,1.8,10.7
20010,Paul Millsap,millspa01,6-8,246lb,Power Forward,Louisiana,/players/m/millspa01/gamelog/2019/,2018-19,33.0,DEN,NBA,PF,11.0,11.0,26.5,4.2,9.4,0.447,0.6,1.9,0.333,3.5,7.5,0.476,0.481,2.7,3.8,0.7140000000000001,2.2,4.9,7.1,1.4,1.1,1.1,1.6,2.2,11.7
20053,Nikola Mirotic,mirotni01,6-10,220lb,Power Forward,Montenegro,/players/m/mirotni01/gamelog/2019/,2018-19,27.0,NOP,NBA,PF,11.0,11.0,31.4,7.8,16.2,0.483,2.3,6.9,0.329,5.5,9.3,0.598,0.5529999999999999,2.7,3.7,0.732,2.5,9.2,11.7,1.3,0.8,0.5,1.3,2.2,20.6
20060,Donovan Mitchell,mitchdo01,6-3,211lb,Shooting Guard,New York,/players/m/mitchdo01/gamelog/2019/,2018-19,22.0,UTA,NBA,SG,9.0,9.0,34.6,8.7,19.8,0.438,2.3,7.2,0.32299999999999995,6.3,12.6,0.504,0.4970000000000001,2.8,3.4,0.8059999999999999,0.4,2.6,3.0,4.4,1.8,0.2,2.3,2.6,22.4
20102,Naz Mitrou-Long,mitrona01,6-4,209lb,Shooting Guard,Canada,/players/m/mitrona01/gamelog/2019/,2018-19,25.0,UTA,NBA,SG,1.0,0.0,4.0,0.0,1.0,0.0,0.0,1.0,0.0,0.0,0.0,,0.0,0.0,0.0,,0.0,0.0,0.0,0.0,0.0,0.0,0.0,1.0,0.0
20252,Malik Monk,monkma01,6-3,200lb,Shooting Guard,Arkansas,/players/m/monkma01/gamelog/2019/,2018-19,20.0,CHO,NBA,SG,11.0,0.0,23.3,4.8,11.5,0.417,2.3,6.2,0.368,2.5,5.4,0.475,0.516,1.5,1.6,0.889,0.2,1.4,1.5,2.6,0.5,0.4,1.5,2.2,13.4
20281,Greg Monroe,monrogr01,6-11,265lb,Center and Power Forward,Louisiana,/players/m/monrogr01/gamelog/2019/,2018-19,28.0,TOR,NBA,C,4.0,0.0,5.5,1.3,2.5,0.5,0.0,0.3,0.0,1.3,2.3,0.556,0.5,0.0,0.0,,1.0,1.3,2.3,0.3,0.0,0.0,0.5,0.8,2.5
20330,E'Twaun Moore,mooreet01,6-4,191lb,Point Guard and Small Forward and Shooting Guard,Indiana,/players/m/mooreet01/gamelog/2019/,2018-19,29.0,NOP,NBA,SF,11.0,11.0,30.6,5.2,9.9,0.523,1.5,3.3,0.472,3.6,6.6,0.5479999999999999,0.601,1.4,1.7,0.789,1.0,1.0,2.0,2.1,0.6,0.5,1.2,3.0,13.3
20468,Marcus Morris,morrima03,6-9,235lb,Power Forward and Small Forward,Pennsylvania,/players/m/morrima03/gamelog/2019/,2018-19,29.0,BOS,NBA,PF,11.0,0.0,25.7,5.4,10.5,0.513,2.4,4.9,0.481,3.0,5.5,0.541,0.626,1.8,2.2,0.833,0.8,6.2,7.0,1.2,0.5,0.3,2.0,3.2,14.9
20479,Markieff Morris,morrima02,6-10,245lb,Power Forward,Pennsylvania,/players/m/morrima02/gamelog/2019/,2018-19,29.0,WAS,NBA,PF,9.0,9.0,26.3,4.0,9.0,0.444,1.3,4.2,0.316,2.7,4.8,0.5579999999999999,0.519,1.8,2.1,0.8420000000000001,0.7,4.0,4.7,2.3,0.6,1.0,1.3,3.1,11.1
20484,Monte Morris,morrimo01,6-3,175lb,Point Guard,Michigan,/players/m/morrimo01/gamelog/2019/,2018-19,23.0,DEN,NBA,PG,11.0,0.0,21.5,2.9,7.5,0.386,0.7,2.0,0.364,2.2,5.5,0.393,0.434,1.1,1.4,0.8,0.5,1.7,2.2,3.5,1.1,0.0,0.5,1.1,7.6
20605,Emmanuel Mudiay,mudiaem01,6-5,200lb,Point Guard,Democratic Republic of the Congo,/players/m/mudiaem01/gamelog/2019/,2018-19,22.0,NYK,NBA,PG,5.0,0.0,19.4,3.0,6.8,0.441,0.8,2.0,0.4,2.2,4.8,0.458,0.5,0.6,1.2,0.5,1.4,1.8,3.2,2.4,1.0,0.4,1.2,2.2,7.4
20773,Jamal Murray,murraja01,6-4,207lb,Shooting Guard and Point Guard,Canada,/players/m/murraja01/gamelog/2019/,2018-19,21.0,DEN,NBA,PG,11.0,11.0,33.0,7.0,15.7,0.445,1.6,5.5,0.3,5.4,10.3,0.522,0.4970000000000001,2.9,3.3,0.889,0.7,3.7,4.5,3.7,1.0,0.4,2.0,2.0,18.5
20852,Mike Muscala,muscami01,6-11,240lb,Power Forward and Center,Minnesota,/players/m/muscami01/gamelog/2019/,2018-19,27.0,PHI,NBA,PF,8.0,0.0,20.6,2.1,5.0,0.425,1.3,3.6,0.345,0.9,1.4,0.636,0.55,1.9,1.9,1.0,1.0,2.8,3.8,1.3,0.1,0.5,1.5,2.4,7.4
20937,Abdel Nader,naderab01,6-6,230lb,Small Forward,Egypt,/players/n/naderab01/gamelog/2019/,2018-19,25.0,OKC,NBA,SF,4.0,0.0,1.8,0.0,0.5,0.0,0.0,0.3,0.0,0.0,0.3,0.0,0.0,0.0,0.0,,0.0,0.0,0.0,0.0,0.3,0.0,0.3,0.3,0.0
20991,Larry Nance,nancela02,6-9,230lb,Power Forward and Center,Ohio,/players/n/nancela02/gamelog/2019/,2018-19,26.0,CLE,NBA,C,9.0,0.0,19.4,3.2,6.6,0.4920000000000001,0.0,0.1,0.0,3.2,6.4,0.5,0.4920000000000001,1.4,2.1,0.684,1.7,3.6,5.2,2.7,1.1,0.2,1.2,2.8,7.9
20997,Shabazz Napier,napiesh01,6-1,175lb,Point Guard,Massachusetts,/players/n/napiesh01/gamelog/2019/,2018-19,27.0,BRK,NBA,PG,8.0,0.0,14.6,2.1,6.1,0.34700000000000003,1.5,3.4,0.444,0.6,2.8,0.227,0.469,1.8,2.1,0.8240000000000001,0.4,0.9,1.3,2.1,0.6,0.1,0.9,1.1,7.5
21327,Georges Niang,niangge01,6-8,230lb,Power Forward,Massachusetts,/players/n/niangge01/gamelog/2019/,2018-19,25.0,UTA,NBA,PF,11.0,0.0,8.2,1.4,2.6,0.517,0.9,1.9,0.476,0.5,0.7,0.625,0.69,0.5,0.5,1.0,0.3,1.5,1.7,0.4,0.3,0.1,0.3,1.0,4.1
21449,Nerlens Noel,noelne01,6-11,228lb,Center and Power Forward,Massachusetts,/players/n/noelne01/gamelog/2019/,2018-19,24.0,OKC,NBA,C,11.0,1.0,14.2,2.3,3.5,0.6409999999999999,0.0,0.0,,2.3,3.5,0.6409999999999999,0.6409999999999999,1.2,1.7,0.684,2.1,3.1,5.2,0.5,1.1,1.4,0.2,2.8,5.7
21595,Frank Ntilikina,ntilila01,6-5,190lb,Point Guard,Belgium,/players/n/ntilila01/gamelog/2019/,2018-19,20.0,NYK,NBA,PG,12.0,12.0,27.8,3.0,8.3,0.364,1.2,3.8,0.304,1.8,4.4,0.415,0.434,0.9,1.0,0.917,0.1,1.8,1.9,3.8,1.1,0.4,1.8,2.9,8.1
21600,James Nunnally,nunnaja01,6-7,205lb,Small Forward,California,/players/n/nunnaja01/gamelog/2019/,2018-19,28.0,MIN,NBA,SF,4.0,0.0,8.8,1.0,2.5,0.4,0.5,1.8,0.28600000000000003,0.5,0.8,0.667,0.5,1.0,1.0,1.0,0.0,0.8,0.8,0.8,0.3,0.0,0.3,0.5,3.5
21608,Jusuf Nurkic,nurkiju01,7-0,280lb,Center,Bosnia and Herzegovina,/players/n/nurkiju01/gamelog/2019/,2018-19,24.0,POR,NBA,C,12.0,12.0,24.8,5.8,11.1,0.519,0.2,1.3,0.133,5.6,9.8,0.568,0.526,3.4,4.3,0.7879999999999999,3.7,6.2,9.8,1.8,0.7,1.1,2.2,3.1,15.1
21614,David Nwaba,nwabada01,6-4,209lb,Shooting Guard,California,/players/n/nwabada01/gamelog/2019/,2018-19,26.0,CLE,NBA,SG,7.0,0.0,8.1,0.6,1.6,0.364,0.1,0.3,0.5,0.4,1.3,0.333,0.409,1.4,1.7,0.833,0.0,1.1,1.1,0.4,0.1,0.4,0.1,0.4,2.7
21746,Royce O'Neale,onealro01,6-6,215lb,Small Forward,Texas,/players/o/onealro01/gamelog/2019/,2018-19,25.0,UTA,NBA,SF,11.0,1.0,15.5,2.0,4.2,0.478,0.4,0.9,0.4,1.6,3.3,0.5,0.522,0.6,0.8,0.778,0.3,2.1,2.4,1.3,0.4,0.0,0.9,1.6,5.0
21756,Kyle O'Quinn,oquinky01,6-10,250lb,Power Forward and Center,New York,/players/o/oquinky01/gamelog/2019/,2018-19,28.0,IND,NBA,C,7.0,0.0,6.4,1.6,3.1,0.5,0.0,0.3,0.0,1.6,2.9,0.55,0.5,0.9,0.9,1.0,0.9,1.7,2.6,1.1,0.1,0.6,0.6,1.4,4.0
21848,Semi Ojeleye,ojelese01,6-7,241lb,Power Forward,Kansas,/players/o/ojelese01/gamelog/2019/,2018-19,24.0,BOS,NBA,PF,8.0,1.0,7.1,0.8,1.8,0.429,0.3,1.0,0.25,0.5,0.8,0.667,0.5,0.3,0.6,0.4,0.3,0.9,1.1,0.0,0.3,0.1,0.0,0.9,2.0
21866,Jahlil Okafor,okafoja01,6-11,275lb,Center,Illinois,/players/o/okafoja01/gamelog/2019/,2018-19,23.0,NOP,NBA,C,6.0,2.0,9.3,2.0,4.3,0.462,0.0,0.0,,2.0,4.3,0.462,0.462,1.0,1.0,1.0,1.7,1.3,3.0,0.2,0.0,0.0,1.0,1.7,5.0
21884,Victor Oladipo,oladivi01,6-4,210lb,Shooting Guard and Point Guard,Maryland,/players/o/oladivi01/gamelog/2019/,2018-19,26.0,IND,NBA,SG,12.0,12.0,33.9,9.2,19.5,0.47,2.7,7.5,0.35600000000000004,6.5,12.0,0.542,0.5379999999999999,3.1,4.4,0.698,0.6,6.5,7.1,4.3,1.6,0.6,2.4,2.1,24.1
22012,Kelly Olynyk,olynyke01,7-0,238lb,Power Forward and Center,Canada,/players/o/olynyke01/gamelog/2019/,2018-19,27.0,MIA,NBA,PF,10.0,5.0,19.3,2.6,5.8,0.448,1.1,3.8,0.289,1.5,2.0,0.75,0.5429999999999999,1.9,2.4,0.792,0.8,2.3,3.1,2.4,0.6,0.5,1.2,2.6,8.2
22051,Cedi Osman,osmande01,6-8,210lb,Small Forward,FYR Macedonia,/players/o/osmande01/gamelog/2019/,2018-19,23.0,CLE,NBA,SF,11.0,11.0,30.6,4.2,11.3,0.371,1.5,4.6,0.333,2.6,6.6,0.397,0.44,1.5,1.9,0.762,1.0,4.0,5.0,2.5,0.7,0.3,2.8,2.0,11.4
22091,Kelly Oubre,oubreke01,6-7,205lb,Small Forward,Louisiana,/players/o/oubreke01/gamelog/2019/,2018-19,23.0,WAS,NBA,SF,10.0,1.0,27.1,4.5,10.9,0.413,1.5,5.0,0.3,3.0,5.9,0.508,0.482,2.7,3.2,0.8440000000000001,0.8,3.9,4.7,0.6,0.5,0.7,1.5,2.3,13.2
22230,Zaza Pachulia,pachuza01,6-11,270lb,Center,Georgia,/players/p/pachuza01/gamelog/2019/,2018-19,34.0,DET,NBA,C,10.0,0.0,14.5,1.1,3.2,0.344,0.0,0.0,,1.1,3.2,0.344,0.344,2.0,2.6,0.769,1.7,2.3,4.0,1.7,0.8,0.3,0.8,2.8,4.2
22389,Jabari Parker,parkeja01,6-8,250lb,Power Forward,Illinois,/players/p/parkeja01/gamelog/2019/,2018-19,23.0,CHI,NBA,PF,12.0,5.0,31.2,6.0,13.2,0.456,0.9,3.3,0.282,5.1,9.9,0.513,0.491,1.9,2.8,0.6970000000000001,1.1,5.8,6.8,1.9,0.6,0.4,2.6,1.8,14.8
22425,Tony Parker,parketo01,6-2,185lb,Point Guard,Belgium,/players/p/parketo01/gamelog/2019/,2018-19,36.0,CHO,NBA,PG,10.0,0.0,18.4,3.9,8.5,0.459,0.3,0.9,0.333,3.6,7.6,0.474,0.476,2.0,2.8,0.7140000000000001,0.2,1.3,1.5,4.8,0.2,0.1,1.4,1.2,10.1
22462,Chandler Parsons,parsoch01,6-10,230lb,Small Forward,Florida,/players/p/parsoch01/gamelog/2019/,2018-19,30.0,MEM,NBA,SF,3.0,3.0,15.3,2.3,5.7,0.412,1.0,3.3,0.3,1.3,2.3,0.5710000000000001,0.5,0.0,0.0,,0.3,1.0,1.3,0.7,0.3,0.3,0.7,2.3,5.7
22497,Patrick Patterson,pattepa01,6-9,230lb,Power Forward,District of Columbia,/players/p/pattepa01/gamelog/2019/,2018-19,29.0,OKC,NBA,PF,11.0,3.0,17.3,2.2,5.5,0.4,1.4,3.5,0.395,0.8,2.0,0.409,0.525,0.8,1.3,0.643,0.9,2.5,3.5,0.3,0.3,0.4,0.4,1.4,6.5
22542,Chris Paul,paulch01,6-0,175lb,Point Guard,North Carolina,/players/p/paulch01/gamelog/2019/,2018-19,33.0,HOU,NBA,PG,8.0,8.0,35.0,6.0,15.3,0.393,1.6,6.0,0.271,4.4,9.3,0.473,0.447,3.1,4.0,0.7809999999999999,1.0,4.4,5.4,8.8,2.5,0.3,3.4,2.8,16.8
22632,Cameron Payne,payneca01,6-3,185lb,Point Guard,Tennessee,/players/p/payneca01/gamelog/2019/,2018-19,24.0,CHI,NBA,PG,12.0,11.0,24.2,3.3,8.2,0.398,1.0,3.2,0.316,2.3,5.0,0.45,0.459,1.2,1.3,0.933,0.7,1.4,2.1,3.4,0.9,0.3,1.6,2.0,8.7
22647,Elfrid Payton,paytoel01,6-4,185lb,Point Guard,Louisiana,/players/p/paytoel01/gamelog/2019/,2018-19,24.0,NOP,NBA,PG,5.0,5.0,28.8,4.8,9.6,0.5,0.6,1.4,0.429,4.2,8.2,0.512,0.531,1.4,2.2,0.636,1.4,4.6,6.0,6.4,0.8,0.2,2.2,2.8,11.6
23191,Mason Plumlee,plumlma01,6-11,245lb,Center,Indiana,/players/p/plumlma01/gamelog/2019/,2018-19,28.0,DEN,NBA,C,11.0,0.0,17.8,3.4,5.3,0.638,0.1,0.2,0.5,3.3,5.1,0.643,0.647,0.7,2.3,0.32,2.2,2.9,5.1,1.4,1.3,0.5,1.6,2.9,7.5
23203,Miles Plumlee,plumlmi01,6-11,249lb,Center,Indiana,/players/p/plumlmi01/gamelog/2019/,2018-19,30.0,ATL,NBA,C,6.0,0.0,9.2,2.3,2.8,0.8240000000000001,0.0,0.0,,2.3,2.8,0.8240000000000001,0.8240000000000001,0.8,1.5,0.556,1.7,1.3,3.0,1.0,0.3,0.0,0.7,1.0,5.5
23213,Jakob Poeltl,poeltja01,7-0,248lb,Center,Austria,/players/p/poeltja01/gamelog/2019/,2018-19,23.0,SAS,NBA,C,7.0,3.0,10.0,0.7,1.7,0.417,0.0,0.0,,0.7,1.7,0.417,0.417,0.4,0.6,0.75,2.3,1.1,3.4,0.9,0.1,0.1,0.3,1.1,1.9
23273,Quincy Pondexter,pondequ01,6-7,220lb,Small Forward and Shooting Guard,California,/players/p/pondequ01/gamelog/2019/,2018-19,30.0,SAS,NBA,SF,7.0,0.0,7.0,0.7,1.4,0.5,0.0,0.4,0.0,0.7,1.0,0.7140000000000001,0.5,0.7,0.7,1.0,0.4,1.0,1.4,0.3,0.7,0.0,0.4,0.9,2.1
23336,Otto Porter,porteot01,6-8,198lb,Small Forward,Missouri,/players/p/porteot01/gamelog/2019/,2018-19,25.0,WAS,NBA,SF,9.0,9.0,29.9,4.4,9.8,0.455,1.6,4.2,0.368,2.9,5.6,0.52,0.534,0.9,1.1,0.8,0.8,4.2,5.0,1.7,1.6,0.8,0.7,1.9,11.3
23366,Bobby Portis,portibo01,6-11,250lb,Power Forward,Arkansas,/players/p/portibo01/gamelog/2019/,2018-19,23.0,CHI,NBA,PF,4.0,4.0,28.3,4.3,10.3,0.415,0.8,2.8,0.273,3.5,7.5,0.467,0.451,1.3,2.3,0.556,1.5,8.5,10.0,2.0,0.5,1.0,1.3,3.5,10.5
23437,Dwight Powell,poweldw01,6-11,240lb,Center and Power Forward,Canada,/players/p/poweldw01/gamelog/2019/,2018-19,27.0,DAL,NBA,C,11.0,0.0,14.5,3.0,4.5,0.6729999999999999,0.3,1.0,0.273,2.7,3.5,0.789,0.7040000000000001,2.5,3.2,0.7709999999999999,1.1,2.5,3.6,1.0,0.7,0.5,0.9,2.6,8.7
23454,Norman Powell,powelno01,6-4,215lb,Shooting Guard,California,/players/p/powelno01/gamelog/2019/,2018-19,25.0,TOR,NBA,SG,11.0,2.0,14.9,1.8,3.8,0.476,0.8,2.0,0.409,1.0,1.8,0.55,0.583,0.5,0.7,0.75,0.2,1.8,2.0,0.9,0.5,0.1,0.7,1.5,5.0
23460,Alex Poythress,poythal01,6-7,238lb,Power Forward,Georgia,/players/p/poythal01/gamelog/2019/,2018-19,25.0,ATL,NBA,PF,8.0,0.0,15.6,2.3,4.0,0.563,0.5,0.9,0.5710000000000001,1.8,3.1,0.56,0.625,0.9,1.9,0.467,1.6,2.4,4.0,0.9,0.3,0.4,0.9,2.6,5.9
23650,Zhou Qi,qizh01,7-1,210lb,Center and Power Forward,China,/players/q/qizh01/gamelog/2019/,2018-19,23.0,HOU,NBA,PF,1.0,0.0,1.0,1.0,1.0,1.0,0.0,0.0,,1.0,1.0,1.0,1.0,0.0,0.0,,0.0,0.0,0.0,0.0,0.0,0.0,0.0,0.0,2.0
23678,Ivan Rabb,rabbiv01,6-10,220lb,Power Forward,California,/players/r/rabbiv01/gamelog/2019/,2018-19,21.0,MEM,NBA,PF,6.0,0.0,7.5,1.2,1.8,0.636,0.0,0.2,0.0,1.2,1.7,0.7,0.636,0.5,0.8,0.6,0.5,2.2,2.7,0.8,0.2,0.2,1.2,1.2,2.8
23797,Julius Randle,randlju01,6-9,250lb,Power Forward and Center,Texas,/players/r/randlju01/gamelog/2019/,2018-19,24.0,NOP,NBA,C,11.0,1.0,24.1,6.4,11.2,0.569,0.6,1.8,0.35,5.7,9.4,0.612,0.598,4.3,6.1,0.701,1.5,5.7,7.3,2.3,0.7,0.6,2.3,3.5,17.6
24004,J.J. Redick,redicjj01,6-4,190lb,Shooting Guard and Point Guard,Tennessee,/players/r/redicjj01/gamelog/2019/,2018-19,34.0,PHI,NBA,SG,12.0,0.0,30.4,5.3,14.0,0.381,3.0,8.5,0.353,2.3,5.5,0.424,0.488,3.6,3.8,0.935,0.4,2.3,2.8,3.5,0.3,0.1,1.7,1.3,17.3
24251,Josh Richardson,richajo01,6-6,200lb,Small Forward and Shooting Guard,Oklahoma,/players/r/richajo01/gamelog/2019/,2018-19,25.0,MIA,NBA,SG,10.0,10.0,35.3,7.4,17.7,0.418,3.0,7.4,0.405,4.4,10.3,0.4270000000000001,0.503,2.9,3.2,0.906,1.2,3.3,4.5,3.1,1.1,1.0,1.9,3.2,20.7
24257,Malachi Richardson,richama01,6-6,205lb,Shooting Guard,New Jersey,/players/r/richama01/gamelog/2019/,2018-19,23.0,TOR,NBA,SG,7.0,0.0,5.0,0.3,1.4,0.2,0.3,1.4,0.2,0.0,0.0,,0.3,0.1,0.3,0.5,0.1,0.4,0.6,0.0,0.0,0.0,0.1,0.6,1.0
24435,Austin Rivers,riverau01,6-4,200lb,Shooting Guard and Point Guard,California,/players/r/riverau01/gamelog/2019/,2018-19,26.0,WAS,NBA,SG,10.0,0.0,23.0,2.3,6.0,0.383,1.2,3.5,0.343,1.1,2.5,0.44,0.483,0.7,1.1,0.636,0.2,1.9,2.1,1.8,0.6,0.5,1.3,2.3,6.5
24705,Glenn Robinson,robingl02,6-6,222lb,Shooting Guard and Small Forward,Indiana,/players/r/robingl02/gamelog/2019/,2018-19,25.0,DET,NBA,SF,9.0,2.0,16.4,2.0,4.4,0.45,0.4,1.4,0.308,1.6,3.0,0.519,0.5,1.3,1.4,0.923,0.2,1.3,1.6,0.0,0.3,0.3,0.7,1.1,5.8
25012,Rajon Rondo,rondora01,6-1,186lb,Point Guard,Kentucky,/players/r/rondora01/gamelog/2019/,2018-19,32.0,LAL,NBA,PG,8.0,2.0,27.1,4.6,8.9,0.521,1.0,2.0,0.5,3.6,6.9,0.527,0.5770000000000001,0.4,0.5,0.75,0.9,3.9,4.8,7.0,1.1,0.0,2.6,2.8,10.6
25044,Derrick Rose,rosede01,6-3,190lb,Point Guard,Illinois,/players/r/rosede01/gamelog/2019/,2018-19,30.0,MIN,NBA,PG,11.0,3.0,28.7,6.9,15.0,0.461,1.6,3.5,0.462,5.3,11.5,0.46,0.515,3.2,4.0,0.795,1.2,2.3,3.5,4.6,0.5,0.2,1.9,1.5,18.6
25116,Terrence Ross,rosste01,6-7,206lb,Small Forward and Shooting Guard,Oregon,/players/r/rosste01/gamelog/2019/,2018-19,27.0,ORL,NBA,SG,11.0,0.0,25.1,4.8,12.0,0.402,2.0,6.0,0.333,2.8,6.0,0.47,0.485,0.9,1.1,0.833,0.4,2.2,2.5,1.9,1.1,0.5,1.3,2.2,12.5
25212,Terry Rozier,roziete01,6-2,190lb,Point Guard,Ohio,/players/r/roziete01/gamelog/2019/,2018-19,24.0,BOS,NBA,PG,11.0,0.0,22.5,2.7,7.6,0.35700000000000004,1.3,3.3,0.389,1.5,4.4,0.333,0.44,1.0,1.3,0.7859999999999999,0.4,4.2,4.5,2.0,0.7,0.5,0.6,1.5,7.7
25221,Ricky Rubio,rubiori01,6-4,194lb,Point Guard,Spain,/players/r/rubiori01/gamelog/2019/,2018-19,28.0,UTA,NBA,PG,11.0,11.0,30.4,3.2,10.1,0.315,1.2,4.1,0.289,2.0,6.0,0.333,0.374,2.8,3.2,0.8859999999999999,0.2,2.8,3.0,8.0,1.5,0.2,3.3,3.2,10.4
25368,D'Angelo Russell,russeda01,6-5,195lb,Point Guard,Kentucky,/players/r/russeda01/gamelog/2019/,2018-19,22.0,BRK,NBA,PG,11.0,11.0,27.4,5.8,14.2,0.41,2.2,6.1,0.358,3.6,8.1,0.449,0.487,1.5,1.9,0.81,0.6,3.1,3.7,5.1,0.8,0.4,2.4,1.7,15.4
25398,Domantas Sabonis,sabondo01,6-11,240lb,Center and Power Forward,Oregon,/players/s/sabondo01/gamelog/2019/,2018-19,22.0,IND,NBA,C,11.0,0.0,24.3,5.5,8.5,0.6559999999999999,0.1,0.2,0.5,5.5,8.3,0.659,0.6609999999999999,2.9,3.5,0.821,2.7,6.2,8.9,2.6,0.5,0.6,1.9,2.7,14.1
25570,Dario Saric,saricda01,6-10,223lb,Power Forward,Croatia,/players/s/saricda01/gamelog/2019/,2018-19,24.0,PHI,NBA,PF,12.0,12.0,29.7,3.5,9.9,0.353,1.4,5.2,0.274,2.1,4.8,0.439,0.424,2.1,2.3,0.893,1.5,4.9,6.4,2.0,0.3,0.2,1.7,2.9,10.5
25582,Tomas Satoransky,satorto01,6-7,210lb,Shooting Guard,Czech Republic,/players/s/satorto01/gamelog/2019/,2018-19,27.0,WAS,NBA,SG,10.0,0.0,12.5,1.0,3.0,0.333,0.3,0.6,0.5,0.7,2.4,0.292,0.383,1.4,1.4,1.0,0.4,1.4,1.8,2.2,0.3,0.2,0.4,1.3,3.7
25804,Dennis Schroder,schrode01,6-1,172lb,Point Guard,Germany,/players/s/schrode01/gamelog/2019/,2018-19,25.0,OKC,NBA,PG,11.0,4.0,29.2,6.1,14.2,0.429,1.0,3.5,0.282,5.1,10.6,0.479,0.465,3.3,4.1,0.8,0.5,3.8,4.4,5.0,1.0,0.2,2.9,3.1,16.5
25916,Mike Scott,scottmi01,6-8,237lb,Power Forward,Virginia,/players/s/scottmi01/gamelog/2019/,2018-19,30.0,LAC,NBA,PF,11.0,0.0,13.5,1.5,3.0,0.515,0.8,1.8,0.45,0.7,1.2,0.615,0.652,0.0,0.0,,0.2,2.5,2.6,1.2,0.4,0.1,0.3,2.0,3.9
25993,Thabo Sefolosha,sefolth01,6-7,220lb,Shooting Guard and Small Forward,Switzerland,/players/s/sefolth01/gamelog/2019/,2018-19,34.0,UTA,NBA,SF,2.0,0.0,4.5,0.0,1.0,0.0,0.0,1.0,0.0,0.0,0.0,,0.0,0.5,1.0,0.5,0.5,1.0,1.5,1.0,0.5,0.0,0.0,0.5,0.5
26018,Wayne Selden,seldewa01,6-5,230lb,Shooting Guard,Massachusetts,/players/s/seldewa01/gamelog/2019/,2018-19,24.0,MEM,NBA,SG,10.0,0.0,15.3,2.5,4.9,0.51,1.2,2.4,0.5,1.3,2.5,0.52,0.633,0.7,0.9,0.778,0.2,0.9,1.1,1.0,0.4,0.1,0.9,1.8,6.9
26309,Iman Shumpert,shumpim01,6-5,220lb,Shooting Guard and Point Guard,Illinois,/players/s/shumpim01/gamelog/2019/,2018-19,28.0,SAC,NBA,SG,9.0,7.0,23.3,3.1,6.9,0.452,1.8,4.4,0.4,1.3,2.4,0.545,0.581,0.8,1.0,0.778,0.1,3.2,3.3,2.1,0.9,0.4,0.8,2.6,8.8
26320,Pascal Siakam,siakapa01,6-9,230lb,Power Forward,Cameroon,/players/s/siakapa01/gamelog/2019/,2018-19,24.0,TOR,NBA,PF,12.0,11.0,27.9,5.4,8.8,0.619,0.3,1.5,0.16699999999999998,5.2,7.3,0.713,0.633,1.4,2.0,0.708,1.6,5.4,7.0,2.1,1.3,0.4,1.6,2.7,12.5
26420,Ben Simmons,simmobe01,6-10,230lb,Point Guard,Australia,/players/s/simmobe01/gamelog/2019/,2018-19,22.0,PHI,NBA,PG,11.0,11.0,31.0,5.5,10.7,0.508,0.0,0.0,,5.5,10.7,0.508,0.508,3.2,5.2,0.614,2.4,7.0,9.4,7.5,1.5,0.6,3.3,3.1,14.1
26462,Jonathon Simmons,simmojo02,6-6,195lb,Shooting Guard,Texas,/players/s/simmojo02/gamelog/2019/,2018-19,29.0,ORL,NBA,SG,9.0,0.0,22.6,2.4,8.3,0.293,0.4,2.7,0.16699999999999998,2.0,5.7,0.353,0.32,1.9,2.3,0.81,0.9,2.0,2.9,2.2,0.4,0.4,1.6,2.1,7.2
26674,Marcus Smart,smartma01,6-4,220lb,Point Guard and Shooting Guard,Texas,/players/s/smartma01/gamelog/2019/,2018-19,24.0,BOS,NBA,SG,11.0,0.0,23.7,1.5,4.7,0.327,0.5,2.7,0.2,1.0,2.0,0.5,0.385,1.5,2.1,0.7390000000000001,0.5,2.2,2.7,3.8,1.4,0.6,1.6,2.8,5.2
26774,Dennis Smith,smithde03,6-3,195lb,Point Guard,North Carolina,/players/s/smithde03/gamelog/2019/,2018-19,21.0,DAL,NBA,PG,10.0,10.0,29.7,6.1,13.6,0.449,1.5,3.8,0.395,4.6,9.8,0.469,0.504,2.4,3.4,0.706,0.9,1.7,2.6,3.8,0.9,0.3,3.4,3.2,16.1
26855,Ish Smith,smithis01,6-0,175lb,Point Guard,North Carolina,/players/s/smithis01/gamelog/2019/,2018-19,30.0,DET,NBA,PG,10.0,0.0,28.0,4.2,9.6,0.438,1.3,3.9,0.333,2.9,5.7,0.509,0.505,0.5,0.7,0.7140000000000001,0.1,2.2,2.3,3.4,0.9,0.3,1.5,2.8,10.2
26873,J.R. Smith,smithjr01,6-6,225lb,Small Forward and Shooting Guard,New Jersey,/players/s/smithjr01/gamelog/2019/,2018-19,33.0,CLE,NBA,SG,7.0,1.0,18.6,2.4,6.7,0.362,1.3,3.7,0.34600000000000003,1.1,3.0,0.381,0.457,1.1,1.1,1.0,0.0,1.4,1.4,1.4,1.3,0.3,1.1,1.6,7.3
26892,Jason Smith,smithja02,7-0,245lb,Power Forward and Center,Colorado,/players/s/smithja02/gamelog/2019/,2018-19,32.0,WAS,NBA,C,8.0,1.0,12.3,1.5,3.5,0.429,0.3,0.6,0.4,1.3,2.9,0.435,0.464,0.9,1.0,0.875,1.3,2.4,3.6,1.0,0.1,0.6,0.5,1.9,4.1
27158,Tony Snell,snellto01,6-7,200lb,Small Forward and Shooting Guard,California,/players/s/snellto01/gamelog/2019/,2018-19,27.0,MIL,NBA,SG,11.0,0.0,16.9,2.6,5.0,0.527,1.5,3.0,0.485,1.2,2.0,0.591,0.6729999999999999,0.6,0.8,0.778,0.3,1.6,1.9,0.9,0.3,0.2,0.3,1.2,7.4
27488,Nik Stauskas,stausni01,6-6,205lb,Shooting Guard,Canada,/players/s/stausni01/gamelog/2019/,2018-19,25.0,POR,NBA,SG,12.0,0.0,19.5,2.8,6.6,0.418,1.5,3.8,0.4,1.3,2.8,0.441,0.532,1.3,1.3,0.938,0.4,2.1,2.5,2.1,0.3,0.2,0.9,1.1,8.3
27542,Lance Stephenson,stephla01,6-5,230lb,Shooting Guard and Small Forward,New York,/players/s/stephla01/gamelog/2019/,2018-19,28.0,LAL,NBA,SG,11.0,0.0,16.8,3.7,8.1,0.461,0.9,2.5,0.35700000000000004,2.8,5.5,0.508,0.517,0.5,0.6,0.7140000000000001,0.7,2.7,3.5,2.1,0.8,0.0,1.4,1.9,8.8
27870,Edmond Sumner,sumneed01,6-6,176lb,Point Guard,Michigan,/players/s/sumneed01/gamelog/2019/,2018-19,23.0,IND,NBA,PG,5.0,0.0,4.0,0.2,0.8,0.25,0.0,0.2,0.0,0.2,0.6,0.333,0.25,0.0,0.4,0.0,0.2,0.0,0.2,0.2,0.2,0.0,0.2,0.6,0.4
27934,Caleb Swanigan,swanica01,6-8,250lb,Power Forward,Indiana,/players/s/swanica01/gamelog/2019/,2018-19,21.0,POR,NBA,PF,7.0,0.0,11.4,1.3,3.9,0.333,0.1,0.4,0.333,1.1,3.4,0.333,0.35200000000000004,0.6,0.7,0.8,1.4,3.6,5.0,0.4,0.3,0.0,1.3,2.0,3.3
28048,Jayson Tatum,tatumja01,6-8,205lb,Small Forward,Missouri,/players/t/tatumja01/gamelog/2019/,2018-19,20.0,BOS,NBA,SF,11.0,11.0,32.5,5.0,12.7,0.393,1.4,4.0,0.341,3.6,8.7,0.417,0.446,3.3,3.6,0.9,1.3,6.0,7.3,2.6,0.6,0.5,1.9,2.5,14.6
28165,Jeff Teague,teaguje01,6-2,186lb,Point Guard,Indiana,/players/t/teaguje01/gamelog/2019/,2018-19,30.0,MIN,NBA,PG,7.0,7.0,30.3,4.0,11.1,0.359,1.0,3.1,0.318,3.0,8.0,0.375,0.404,3.7,4.0,0.929,0.1,2.3,2.4,6.9,0.9,0.1,1.9,2.6,12.7
28211,Garrett Temple,templga01,6-6,195lb,Point Guard and Small Forward and Shooting Guard,Louisiana,/players/t/templga01/gamelog/2019/,2018-19,32.0,MEM,NBA,SG,10.0,10.0,31.1,4.1,8.7,0.471,1.8,4.3,0.419,2.3,4.4,0.523,0.575,2.4,3.0,0.8,0.5,2.9,3.4,1.1,0.9,0.3,1.1,2.6,12.4
28214,Milos Teodosic,teodomi01,6-5,196lb,Point Guard,Serbia,/players/t/teodomi01/gamelog/2019/,2018-19,31.0,LAC,NBA,PG,7.0,0.0,10.4,1.1,1.9,0.615,0.9,1.4,0.6,0.3,0.4,0.667,0.846,0.1,0.3,0.5,0.3,1.4,1.7,2.4,0.1,0.1,1.3,1.7,3.3
28283,Daniel Theis,theisda01,6-9,215lb,Center,Germany,/players/t/theisda01/gamelog/2019/,2018-19,26.0,BOS,NBA,C,5.0,0.0,12.2,2.6,4.6,0.565,0.4,1.0,0.4,2.2,3.6,0.611,0.609,0.4,0.6,0.667,1.4,2.0,3.4,0.8,0.0,0.2,0.8,2.6,6.0
28453,Lance Thomas,thomala01,6-8,235lb,Power Forward and Small Forward,New York,/players/t/thomala01/gamelog/2019/,2018-19,30.0,NYK,NBA,PF,11.0,5.0,15.2,1.3,3.7,0.341,0.5,1.5,0.294,0.8,2.2,0.375,0.402,0.9,1.0,0.909,0.4,1.8,2.2,0.5,0.6,0.3,0.5,2.0,3.9
28587,Klay Thompson,thompkl01,6-7,215lb,Shooting Guard,California,/players/t/thompkl01/gamelog/2019/,2018-19,28.0,GSW,NBA,SG,12.0,12.0,33.1,8.2,17.5,0.467,2.4,6.8,0.354,5.8,10.7,0.539,0.536,2.0,2.4,0.828,0.5,3.3,3.8,1.7,0.8,0.6,1.7,2.1,20.8
28643,Tristan Thompson,thomptr01,6-9,238lb,Center and Power Forward,Canada,/players/t/thomptr01/gamelog/2019/,2018-19,27.0,CLE,NBA,C,11.0,11.0,27.9,4.2,8.4,0.5,0.0,0.0,,4.2,8.4,0.5,0.5,0.7,1.4,0.5329999999999999,4.2,5.8,10.0,1.9,0.6,0.4,1.5,1.9,9.1
28849,Anthony Tolliver,tollian01,6-8,240lb,Small Forward and Power Forward,Missouri,/players/t/tollian01/gamelog/2019/,2018-19,33.0,MIN,NBA,PF,12.0,0.0,19.5,1.8,4.1,0.449,1.5,3.6,0.419,0.3,0.5,0.667,0.633,0.6,1.0,0.583,0.4,2.3,2.7,0.8,0.4,0.7,0.8,2.2,5.8
28953,Karl-Anthony Towns,townska01,7-0,244lb,Center,New Jersey,/players/t/townska01/gamelog/2019/,2018-19,23.0,MIN,NBA,C,12.0,12.0,32.8,6.2,13.9,0.443,2.0,4.9,0.407,4.2,9.0,0.463,0.515,4.0,4.4,0.906,2.4,7.8,10.2,2.2,1.0,2.2,2.9,3.3,18.3
29101,P.J. Tucker,tuckepj01,6-6,245lb,Small Forward and Power Forward and Shooting Guard,North Carolina,/players/t/tuckepj01/gamelog/2019/,2018-19,33.0,HOU,NBA,PF,10.0,10.0,35.2,2.9,6.8,0.426,2.2,4.9,0.449,0.7,1.9,0.368,0.588,0.7,1.0,0.7,1.6,3.9,5.5,1.4,1.7,0.6,0.7,3.0,8.7
29189,Evan Turner,turneev01,6-7,220lb,Small Forward and Shooting Guard and Point Guard,Illinois,/players/t/turneev01/gamelog/2019/,2018-19,30.0,POR,NBA,PG,12.0,0.0,25.3,4.3,8.3,0.51,0.3,1.4,0.235,3.9,6.9,0.5660000000000001,0.53,1.3,1.9,0.652,0.3,4.8,5.1,4.3,0.9,0.3,1.8,2.3,10.1
29220,Myles Turner,turnemy01,6-11,243lb,Center,Texas,/players/t/turnemy01/gamelog/2019/,2018-19,22.0,IND,NBA,C,12.0,12.0,27.1,4.6,9.3,0.491,0.2,1.2,0.14300000000000002,4.4,8.2,0.541,0.5,2.0,2.6,0.774,1.5,3.3,4.8,1.3,0.4,2.4,1.5,2.8,11.3
29287,Ekpe Udoh,udohek01,6-10,240lb,Center and Power Forward,Oklahoma,/players/u/udohek01/gamelog/2019/,2018-19,31.0,UTA,NBA,C,8.0,0.0,5.1,0.3,0.3,1.0,0.0,0.0,,0.3,0.3,1.0,1.0,0.5,0.8,0.667,0.1,0.8,0.9,0.4,0.1,0.6,0.4,0.8,1.0
29322,Tyler Ulis,ulisty01,5-10,150lb,Point Guard,Michigan,/players/u/ulisty01/gamelog/2019/,2018-19,23.0,CHI,NBA,PG,1.0,0.0,1.0,0.0,0.0,,0.0,0.0,,0.0,0.0,,,0.0,0.0,,0.0,0.0,0.0,0.0,0.0,0.0,0.0,0.0,0.0
29368,Jonas Valanciunas,valanjo01,7-0,265lb,Center,Lithuania,/players/v/valanjo01/gamelog/2019/,2018-19,26.0,TOR,NBA,C,12.0,5.0,19.0,5.1,9.5,0.535,0.4,1.3,0.333,4.7,8.3,0.5660000000000001,0.557,2.8,3.3,0.872,1.9,5.5,7.4,1.1,0.7,1.1,1.1,3.1,13.4
29524,Fred VanVleet,vanvlfr01,6-0,195lb,Point Guard,Illinois,/players/v/vanvlfr01/gamelog/2019/,2018-19,24.0,TOR,NBA,PG,8.0,0.0,24.0,3.8,9.9,0.38,1.3,4.4,0.28600000000000003,2.5,5.5,0.455,0.443,1.5,2.3,0.667,0.3,2.3,2.5,4.6,0.6,0.1,1.8,2.3,10.3
29711,Noah Vonleh,vonleno01,6-10,240lb,Power Forward,Massachusetts,/players/v/vonleno01/gamelog/2019/,2018-19,23.0,NYK,NBA,PF,12.0,7.0,21.9,2.7,5.4,0.4920000000000001,0.4,1.3,0.333,2.3,4.2,0.54,0.531,2.1,2.9,0.7140000000000001,2.4,5.8,8.3,1.7,0.8,0.9,1.3,2.9,7.8
29753,Nikola Vucevic,vucevni01,7-0,260lb,Center,Switzerland,/players/v/vucevni01/gamelog/2019/,2018-19,28.0,ORL,NBA,C,11.0,11.0,29.7,7.4,13.8,0.5329999999999999,0.8,1.8,0.45,6.5,12.0,0.545,0.563,2.0,2.6,0.759,2.5,7.9,10.4,3.7,1.1,1.3,2.2,2.1,17.5
29785,Dwyane Wade,wadedw01,6-4,220lb,Shooting Guard and Point Guard,Illinois,/players/w/wadedw01/gamelog/2019/,2018-19,37.0,MIA,NBA,SG,9.0,0.0,25.7,5.4,12.1,0.45,1.7,4.0,0.417,3.8,8.1,0.466,0.518,1.8,3.0,0.593,1.3,2.7,4.0,2.9,0.4,0.4,2.7,2.1,14.3
29935,Kemba Walker,walkeke02,6-1,172lb,Point Guard,New York,/players/w/walkeke02/gamelog/2019/,2018-19,28.0,CHO,NBA,PG,11.0,11.0,33.5,9.6,20.5,0.471,4.2,10.4,0.404,5.5,10.1,0.541,0.573,4.6,5.5,0.85,0.5,3.7,4.2,5.9,0.9,0.4,2.3,1.5,28.1
29977,John Wall,walljo01,6-4,195lb,Point Guard,North Carolina,/players/w/walljo01/gamelog/2019/,2018-19,28.0,WAS,NBA,PG,10.0,10.0,35.0,7.7,16.7,0.461,1.4,4.9,0.28600000000000003,6.3,11.8,0.534,0.503,4.7,6.6,0.7120000000000001,0.7,2.4,3.1,7.6,2.5,1.0,4.0,2.6,21.5
30050,Tyrone Wallace,wallaty01,6-5,205lb,Point Guard,California,/players/w/wallaty01/gamelog/2019/,2018-19,24.0,LAC,NBA,PG,6.0,0.0,3.3,0.7,1.3,0.5,0.0,0.0,,0.7,1.3,0.5,0.5,0.3,0.5,0.667,0.0,0.3,0.3,0.2,0.0,0.0,0.2,0.3,1.7
30060,Taurean Waller-Prince,princta02,6-8,220lb,Small Forward,Texas,/players/p/princta02/gamelog/2019/,2018-19,24.0,ATL,NBA,SF,10.0,9.0,28.4,5.3,13.6,0.39,2.3,7.2,0.319,3.0,6.4,0.469,0.474,2.6,3.0,0.867,0.2,4.6,4.8,3.2,1.2,0.3,3.4,3.6,15.5
30220,T.J. Warren,warretj01,6-8,230lb,Small Forward,North Carolina,/players/w/warretj01/gamelog/2019/,2018-19,25.0,PHO,NBA,SF,10.0,3.0,25.2,5.6,11.7,0.479,1.5,3.0,0.5,4.1,8.7,0.471,0.5429999999999999,2.4,2.7,0.889,0.9,3.0,3.9,1.3,0.6,0.6,1.2,2.1,15.1
30736,Russell Westbrook,westbru01,6-3,200lb,Point Guard,California,/players/w/westbru01/gamelog/2019/,2018-19,30.0,OKC,NBA,PG,7.0,7.0,31.4,9.6,19.6,0.489,0.3,2.9,0.1,9.3,16.7,0.556,0.496,4.7,7.4,0.635,1.0,7.3,8.3,8.9,2.1,0.1,4.1,3.0,24.1
30799,Derrick White,whitede01,6-5,190lb,Point Guard,Colorado,/players/w/whitede01/gamelog/2019/,2018-19,24.0,SAS,NBA,,1.0,1.0,16.0,0.0,3.0,0.0,0.0,0.0,,0.0,3.0,0.0,0.0,0.0,0.0,,0.0,1.0,1.0,3.0,1.0,0.0,2.0,1.0,0.0
30916,Hassan Whiteside,whiteha01,7-0,265lb,Center,North Carolina,/players/w/whiteha01/gamelog/2019/,2018-19,29.0,MIA,NBA,C,9.0,9.0,28.3,5.3,10.7,0.5,0.1,0.7,0.16699999999999998,5.2,10.0,0.522,0.505,3.4,5.7,0.608,3.8,11.4,15.2,0.3,0.3,3.4,1.8,2.7,14.2
30967,Andrew Wiggins,wiggian01,6-8,199lb,Small Forward,Canada,/players/w/wiggian01/gamelog/2019/,2018-19,23.0,MIN,NBA,SF,9.0,9.0,32.2,6.3,15.2,0.416,2.1,5.3,0.396,4.2,9.9,0.4270000000000001,0.485,2.2,2.8,0.8,0.4,3.2,3.7,1.9,1.8,0.6,1.4,2.7,17.0
31241,C.J. Williams,willicj01,6-5,225lb,Shooting Guard,North Carolina,/players/w/willicj01/gamelog/2019/,2018-19,28.0,MIN,NBA,SG,4.0,0.0,10.5,0.8,2.5,0.3,0.0,1.3,0.0,0.8,1.3,0.6,0.3,0.0,0.0,,0.0,0.3,0.3,0.8,0.0,0.0,0.5,1.8,1.5
31510,Lou Williams,willilo02,6-1,175lb,Point Guard and Shooting Guard,Tennessee,/players/w/willilo02/gamelog/2019/,2018-19,32.0,LAC,NBA,SG,11.0,0.0,25.2,6.2,14.3,0.433,1.6,4.3,0.383,4.5,10.0,0.455,0.49,5.2,5.5,0.934,0.5,1.6,2.1,3.5,0.5,0.2,2.5,1.0,19.2
31535,Marvin Williams,willima02,6-9,237lb,Small Forward and Power Forward,Washington,/players/w/willima02/gamelog/2019/,2018-19,32.0,CHO,NBA,PF,11.0,11.0,23.3,3.1,7.6,0.405,1.0,4.1,0.244,2.1,3.5,0.59,0.47,0.5,0.9,0.6,0.7,4.1,4.8,0.9,0.5,1.2,0.6,1.5,7.7
31759,Troy Williams,willitr02,6-7,218lb,Small Forward,Virginia,/players/w/willitr02/gamelog/2019/,2018-19,24.0,SAC,NBA,SF,4.0,0.0,19.0,3.0,4.5,0.667,1.5,2.3,0.667,1.5,2.3,0.667,0.833,0.8,1.0,0.75,0.3,2.8,3.0,1.0,0.5,0.5,0.0,2.8,8.3
31975,Justise Winslow,winslju01,6-7,225lb,Small Forward and Power Forward,Texas,/players/w/winslju01/gamelog/2019/,2018-19,22.0,MIA,NBA,PF,6.0,3.0,29.2,3.8,10.3,0.371,0.8,2.8,0.294,3.0,7.5,0.4,0.411,2.2,3.3,0.65,1.7,4.0,5.7,4.0,1.7,0.7,2.2,2.8,10.7
32086,Christian Wood,woodch01,6-11,220lb,Power Forward,California,/players/w/woodch01/gamelog/2019/,2018-19,23.0,MIL,NBA,PF,3.0,0.0,5.0,0.3,1.3,0.25,0.3,0.7,0.5,0.0,0.7,0.0,0.375,1.0,1.3,0.75,0.0,1.0,1.0,0.0,0.0,0.0,0.3,0.7,2.0
32273,Delon Wright,wrighde01,6-5,183lb,Point Guard,California,/players/w/wrighde01/gamelog/2019/,2018-19,26.0,TOR,NBA,PG,7.0,0.0,13.9,1.7,4.4,0.387,0.3,1.3,0.222,1.4,3.1,0.455,0.419,1.3,1.3,1.0,0.4,1.1,1.6,0.7,0.3,0.1,0.1,1.0,5.0
32362,Guerschon Yabusele,yabusgu01,6-7,260lb,Power Forward,France,/players/y/yabusgu01/gamelog/2019/,2018-19,23.0,BOS,NBA,PF,6.0,0.0,3.8,0.3,1.2,0.28600000000000003,0.0,0.5,0.0,0.3,0.7,0.5,0.28600000000000003,0.0,0.0,,0.5,0.7,1.2,0.2,0.0,0.2,0.2,0.3,0.7
32450,Thaddeus Young,youngth01,6-8,221lb,Power Forward,Louisiana,/players/y/youngth01/gamelog/2019/,2018-19,30.0,IND,NBA,PF,12.0,12.0,29.6,4.3,9.0,0.481,0.3,1.3,0.2,4.1,7.8,0.527,0.495,0.7,1.4,0.471,1.9,3.9,5.8,1.5,1.4,0.5,1.2,2.1,9.6
32479,Cody Zeller,zelleco01,7-0,240lb,Center,Indiana,/players/z/zelleco01/gamelog/2019/,2018-19,26.0,CHO,NBA,C,11.0,11.0,22.6,3.4,5.7,0.5870000000000001,0.1,0.3,0.333,3.3,5.5,0.6,0.595,1.5,1.6,0.944,1.9,3.9,5.8,1.7,0.5,0.6,1.4,2.9,8.4
32529,Ante Zizic,zizican01,6-11,250lb,Center,Croatia,/players/z/zizican01/gamelog/2019/,2018-19,22.0,CLE,NBA,C,9.0,0.0,7.2,1.3,2.3,0.5710000000000001,0.0,0.0,,1.3,2.3,0.5710000000000001,0.5710000000000001,1.3,1.8,0.75,1.0,1.7,2.7,0.4,0.1,0.0,0.7,1.1,4.0
32537,Ivica Zubac,zubaciv01,7-1,265lb,Center,Bosnia and Herzegovina,/players/z/zubaciv01/gamelog/2019/,2018-19,21.0,LAL,NBA,C,4.0,0.0,9.5,1.3,2.5,0.5,0.0,0.0,,1.3,2.5,0.5,0.5,1.0,1.0,1.0,2.0,2.3,4.3,0.5,0.3,0.3,0.8,3.0,3.5
